-- =====================================================
-- Test Seed Data For MobileCA Server
-- Purpose: provide realistic records for auth, chat, logs, activity, and dashboard flows.
-- =====================================================

-- -----------------------------------------------------
-- Section: users
-- Notes: UUID-style identifiers match CHAR(36) keys in schema. Test password in plain text: Password@123
-- -----------------------------------------------------
INSERT INTO users (id, email_address, password_hash, `enabled`) VALUES
('11111111-1111-1111-1111-111111111111', 'user1@test.com', '$2a$10$r3JNHwzHVFXKBwKpGO.mae9ss.giQCW9gN8NytwOHjswBsIS5E38m', TRUE),
('22222222-2222-2222-2222-222222222222', 'user2@test.com',   '$2a$10$r3JNHwzHVFXKBwKpGO.mae9ss.giQCW9gN8NytwOHjswBsIS5E38m', TRUE),
('33333333-3333-3333-3333-333333333333', 'disableduser@test.com',   '$2a$10$r3JNHwzHVFXKBwKpGO.mae9ss.giQCW9gN8NytwOHjswBsIS5E38m', FALSE);

-- -----------------------------------------------------
-- Section: user profiles
-- Notes: one profile record per user.
-- -----------------------------------------------------
INSERT INTO user_profiles (user_id, full_name, date_of_birth, gender, height_cm) VALUES
('11111111-1111-1111-1111-111111111111', 'Alice Tan', '1998-03-14', 'FEMALE', 162.50),
('22222222-2222-2222-2222-222222222222', 'Ben Lim',   '1995-11-22', 'MALE',   175.20),
('33333333-3333-3333-3333-333333333333', 'Cara Ng',   '2000-07-08', 'FEMALE', 168.00);

-- -----------------------------------------------------
-- Section: user goals
-- Notes: composite primary key supports multiple goal types per user.
-- -----------------------------------------------------
INSERT INTO user_goals (user_id, goal_type, target_value) VALUES
('11111111-1111-1111-1111-111111111111', 'STEPS', 9000.00),
('11111111-1111-1111-1111-111111111111', 'WATER_ML', 2200.00),
('22222222-2222-2222-2222-222222222222', 'STEPS', 7000.00),
('22222222-2222-2222-2222-222222222222', 'SLEEP_MINUTES', 450.00),
('33333333-3333-3333-3333-333333333333', 'CALORIES_BURNED', 500.00);

-- -----------------------------------------------------
-- Section: chat sessions and messages
-- Notes: explicit IDs keep references deterministic.
-- -----------------------------------------------------
INSERT INTO chat_sessions (id, user_id, title, is_active) VALUES
(1001, '11111111-1111-1111-1111-111111111111', 'Weekly Wellness Plan', TRUE),
(1002, '11111111-1111-1111-1111-111111111111', 'Meal Adjustments', TRUE),
(1003, '22222222-2222-2222-2222-222222222222', 'Sleep Improvement Tips', TRUE);

INSERT INTO chat_messages (id, session_id, sender_type, message_text) VALUES
(2001, 1001, 'USER', 'Daily step target missed for two consecutive days.'),
(2002, 1001, 'AI',   'Add a 20-minute evening walk after dinner for consistency.'),
(2003, 1002, 'USER', 'Afternoon energy dip after lunch.'),
(2004, 1002, 'AI',   'Reduce sugary drinks and add protein at lunch.'),
(2005, 1003, 'USER', 'Sleep duration under six hours during weekdays.'),
(2006, 1003, 'AI',   'Set fixed wind-down time at 10:30 PM and avoid screens.');

INSERT INTO chat_recommendations (id, message_id, recommendation_type, recommendation_text) VALUES
(3001, 2002, 'EXERCISE', 'Walk 20 minutes at moderate pace after dinner on weekdays.'),
(3002, 2004, 'NUTRITION', 'Target 25g protein during lunch and replace soda with water.'),
(3003, 2006, 'SLEEP', 'Use a consistent bedtime routine and cap caffeine after 2 PM.');

-- -----------------------------------------------------
-- Section: metric logs
-- Notes: values satisfy CHECK constraints in schema.
-- -----------------------------------------------------
INSERT INTO sleep_logs (id, user_id, start_time, end_time, sleep_quality_score) VALUES
(4001, '11111111-1111-1111-1111-111111111111', '2026-07-01 23:10:00', '2026-07-02 06:30:00', 8),
(4002, '22222222-2222-2222-2222-222222222222', '2026-07-01 00:20:00', '2026-07-01 06:05:00', 6),
(4003, '11111111-1111-1111-1111-111111111111', '2026-07-02 23:40:00', '2026-07-03 07:00:00', 9),
(4004, '22222222-2222-2222-2222-222222222222', '2026-07-02 23:15:00', '2026-07-03 06:15:00', 7),
(4005, '33333333-3333-3333-3333-333333333333', '2026-07-02 22:50:00', '2026-07-03 05:50:00', 8);

INSERT INTO food_logs (id, user_id, meal_type, food_name, calories_kcal, logged_at) VALUES
(5001, '11111111-1111-1111-1111-111111111111', 'BREAKFAST', 'Oatmeal with banana', 380, '2026-07-02 08:05:00'),
(5002, '11111111-1111-1111-1111-111111111111', 'LUNCH', 'Chicken rice', 650, '2026-07-02 12:30:00'),
(5003, '22222222-2222-2222-2222-222222222222', 'DINNER', 'Grilled salmon bowl', 540, '2026-07-02 19:15:00'),
(5004, '22222222-2222-2222-2222-222222222222', 'BREAKFAST', 'Wholegrain toast and eggs', 410, '2026-07-03 08:00:00'),
(5005, '33333333-3333-3333-3333-333333333333', 'LUNCH', 'Brown rice with tofu', 520, '2026-07-03 12:45:00');

INSERT INTO weight_logs (id, user_id, weight_kg, logged_at) VALUES
(6001, '11111111-1111-1111-1111-111111111111', 57.28, '2026-07-02 07:10:00'),
(6002, '22222222-2222-2222-2222-222222222222', 76.87, '2026-07-02 07:25:00'),
(6003, '33333333-3333-3333-3333-333333333333', 61.80, '2026-07-03 07:20:00');

INSERT INTO hydration_logs (id, user_id, logged_at, volume_ml) VALUES
(7001, '11111111-1111-1111-1111-111111111111', '2026-07-02 09:20:00', 500),
(7002, '11111111-1111-1111-1111-111111111111', '2026-07-02 14:10:00', 350),
(7003, '22222222-2222-2222-2222-222222222222', '2026-07-02 16:40:00', 600),
(7004, '22222222-2222-2222-2222-222222222222', '2026-07-03 10:05:00', 450),
(7005, '33333333-3333-3333-3333-333333333333', '2026-07-03 15:30:00', 700);

INSERT INTO exercise_logs (id, user_id, exercise_type, duration_minutes, distance_km, calories_burned_kcal, logged_at) VALUES
(8001, '11111111-1111-1111-1111-111111111111', 'RUNNING', 35, 5.20, 340, '2026-07-02 18:20:00'),
(8002, '22222222-2222-2222-2222-222222222222', 'CYCLING', 45, 14.80, 420, '2026-07-02 06:50:00'),
(8003, '11111111-1111-1111-1111-111111111111', 'YOGA', 25, NULL, 120, '2026-07-03 06:40:00'),
(8004, '22222222-2222-2222-2222-222222222222', 'CYCLING', 30, 9.50, 180, '2026-07-03 19:00:00'),
(8005, '33333333-3333-3333-3333-333333333333', 'WALKING', 40, 3.60, 190, '2026-07-03 18:10:00');

INSERT INTO mood_logs (id, user_id, logged_at, mood_rating, notes) VALUES
(9001, '11111111-1111-1111-1111-111111111111', '2026-07-02 21:00:00', 4, 'Good focus across work and training.'),
(9002, '22222222-2222-2222-2222-222222222222', '2026-07-02 22:10:00', 3, 'Low energy after short sleep duration.'),
(9003, '11111111-1111-1111-1111-111111111111', '2026-07-03 21:05:00', 5, 'Strong recovery and steady hydration.'),
(9004, '22222222-2222-2222-2222-222222222222', '2026-07-03 21:20:00', 6, 'Better energy after an easier training day.'),
(9005, '33333333-3333-3333-3333-333333333333', '2026-07-03 20:45:00', 7, 'Steady mood and good focus through the day.');

-- -----------------------------------------------------
-- Section: homepage activity feed
-- Notes: source_log_id maps to corresponding metric log IDs.
-- -----------------------------------------------------
INSERT INTO activity_records (id, user_id, source_log_id, activity_type, title, `description`, recorded_at) VALUES
(10001, '11111111-1111-1111-1111-111111111111', 7001, 'HYDRATION', 'Water intake logged', '500 ml recorded', '2026-07-02 09:20:00'),
(10002, '11111111-1111-1111-1111-111111111111', 8001, 'EXERCISE',  'Evening run logged', '5.20 km in 35 minutes', '2026-07-02 18:20:00'),
(10003, '11111111-1111-1111-1111-111111111111', 4001, 'SLEEP',     'Night sleep recorded', '440 minutes, quality 8', '2026-07-02 06:30:00'),
(10004, '22222222-2222-2222-2222-222222222222', 9002, 'MOOD',      'Mood check-in logged', 'Rating 3 with short-sleep note', '2026-07-02 22:10:00'),
(10005, '22222222-2222-2222-2222-222222222222', 8004, 'EXERCISE',  'Evening ride logged', '9.50 km in 30 minutes', '2026-07-03 19:00:00'),
(10006, '33333333-3333-3333-3333-333333333333', 8005, 'EXERCISE',  'Evening walk logged', '3.60 km in 40 minutes', '2026-07-03 18:10:00'),
(10007, '33333333-3333-3333-3333-333333333333', 7005, 'HYDRATION', 'Water intake logged', '700 ml recorded', '2026-07-03 15:30:00');

-- -----------------------------------------------------
-- Section: daily dashboard summary
-- Notes: one summary row per user per date.
-- -----------------------------------------------------
INSERT INTO daily_wellness_summary (
	id,
	user_id,
	summary_date,
	total_water_ml,
	total_calories_intake,
	total_calories_burned,
	total_exercise_minutes,
	sleep_minutes,
	sleep_quality_score,
	mood_score,
	weight_kg
) VALUES
(11001, '11111111-1111-1111-1111-111111111111', '2026-07-02', 1800, 1680, 460, 60, 440, 8, 4, 57.28),
(11002, '22222222-2222-2222-2222-222222222222', '2026-07-02', 1400, 1540, 420, 45, 345, 6, 3, 76.87),
(11003, '11111111-1111-1111-1111-111111111111', '2026-07-07', 850, 0, 120, 25, 0, 9, 5, 58.25),
(11004, '22222222-2222-2222-2222-222222222222', '2026-07-07', 450, 410, 180, 30, 0, 7, 6, 76.16),
(11005, '33333333-3333-3333-3333-333333333333', '2026-07-01', 700, 520, 190, 40, 0, 8, 7, 61.80);

-- -----------------------------------------------------
-- Section: generated historical test data (2026-04-01 to 2026-07-06)
-- Notes: user1 (female, 2-3 exercise sessions/week) and user2 (male, 4-5/week);
-- 2026-07-01/02/03 already seeded above and intentionally skipped here.
-- -----------------------------------------------------
INSERT INTO sleep_logs (id, user_id, start_time, end_time, sleep_quality_score) VALUES
(4100, '11111111-1111-1111-1111-111111111111', '2026-03-31 23:44:00', '2026-04-01 06:40:28', 7),
(4101, '11111111-1111-1111-1111-111111111111', '2026-04-01 22:06:00', '2026-04-02 06:27:36', 4),
(4102, '11111111-1111-1111-1111-111111111111', '2026-04-02 22:51:00', '2026-04-03 06:41:01', 8),
(4103, '11111111-1111-1111-1111-111111111111', '2026-04-03 23:46:00', '2026-04-04 08:14:11', 4),
(4104, '11111111-1111-1111-1111-111111111111', '2026-04-04 23:03:00', '2026-04-05 06:37:06', 8),
(4105, '11111111-1111-1111-1111-111111111111', '2026-04-05 23:51:00', '2026-04-06 06:21:17', 4),
(4106, '11111111-1111-1111-1111-111111111111', '2026-04-06 22:12:00', '2026-04-07 05:40:50', 5),
(4107, '11111111-1111-1111-1111-111111111111', '2026-04-07 22:47:00', '2026-04-08 07:24:17', 6),
(4108, '11111111-1111-1111-1111-111111111111', '2026-04-08 22:18:00', '2026-04-09 07:10:29', 9),
(4109, '11111111-1111-1111-1111-111111111111', '2026-04-09 22:22:00', '2026-04-10 05:52:38', 9),
(4110, '11111111-1111-1111-1111-111111111111', '2026-04-10 22:37:00', '2026-04-11 06:51:25', 6),
(4111, '11111111-1111-1111-1111-111111111111', '2026-04-11 22:06:00', '2026-04-12 06:12:41', 8),
(4112, '11111111-1111-1111-1111-111111111111', '2026-04-12 22:47:00', '2026-04-13 06:48:02', 7),
(4113, '11111111-1111-1111-1111-111111111111', '2026-04-13 23:20:00', '2026-04-14 07:52:26', 8),
(4114, '11111111-1111-1111-1111-111111111111', '2026-04-14 22:03:00', '2026-04-15 05:49:23', 4),
(4115, '11111111-1111-1111-1111-111111111111', '2026-04-15 22:00:00', '2026-04-16 06:17:04', 7),
(4116, '11111111-1111-1111-1111-111111111111', '2026-04-16 22:30:00', '2026-04-17 05:26:23', 5),
(4117, '11111111-1111-1111-1111-111111111111', '2026-04-17 22:35:00', '2026-04-18 07:00:05', 9),
(4118, '11111111-1111-1111-1111-111111111111', '2026-04-18 23:14:00', '2026-04-19 06:24:30', 8),
(4119, '11111111-1111-1111-1111-111111111111', '2026-04-19 22:24:00', '2026-04-20 06:10:14', 9),
(4120, '11111111-1111-1111-1111-111111111111', '2026-04-20 23:48:00', '2026-04-21 08:20:35', 8),
(4121, '11111111-1111-1111-1111-111111111111', '2026-04-22 00:24:00', '2026-04-22 08:10:46', 8),
(4122, '11111111-1111-1111-1111-111111111111', '2026-04-22 22:05:00', '2026-04-23 05:50:16', 8),
(4123, '11111111-1111-1111-1111-111111111111', '2026-04-23 22:35:00', '2026-04-24 05:43:56', 9),
(4124, '11111111-1111-1111-1111-111111111111', '2026-04-24 23:40:00', '2026-04-25 08:39:31', 5),
(4125, '11111111-1111-1111-1111-111111111111', '2026-04-25 22:28:00', '2026-04-26 05:54:15', 5),
(4126, '11111111-1111-1111-1111-111111111111', '2026-04-26 22:37:00', '2026-04-27 05:57:04', 9),
(4127, '11111111-1111-1111-1111-111111111111', '2026-04-27 22:10:00', '2026-04-28 06:33:50', 9),
(4128, '11111111-1111-1111-1111-111111111111', '2026-04-28 22:55:00', '2026-04-29 07:45:07', 4),
(4129, '11111111-1111-1111-1111-111111111111', '2026-04-29 22:53:00', '2026-04-30 05:38:53', 8),
(4130, '11111111-1111-1111-1111-111111111111', '2026-04-30 22:12:00', '2026-05-01 06:08:09', 6),
(4131, '11111111-1111-1111-1111-111111111111', '2026-05-02 00:14:00', '2026-05-02 08:05:33', 4),
(4132, '11111111-1111-1111-1111-111111111111', '2026-05-03 00:10:00', '2026-05-03 08:15:20', 5),
(4133, '11111111-1111-1111-1111-111111111111', '2026-05-04 00:12:00', '2026-05-04 07:36:57', 7),
(4134, '11111111-1111-1111-1111-111111111111', '2026-05-04 23:08:00', '2026-05-05 05:48:46', 8),
(4135, '11111111-1111-1111-1111-111111111111', '2026-05-05 22:02:00', '2026-05-06 06:27:07', 7),
(4136, '11111111-1111-1111-1111-111111111111', '2026-05-06 22:14:00', '2026-05-07 05:43:31', 8),
(4137, '11111111-1111-1111-1111-111111111111', '2026-05-08 00:16:00', '2026-05-08 08:04:13', 9),
(4138, '11111111-1111-1111-1111-111111111111', '2026-05-09 00:21:00', '2026-05-09 07:15:50', 6),
(4139, '11111111-1111-1111-1111-111111111111', '2026-05-10 00:23:00', '2026-05-10 08:56:28', 7),
(4140, '11111111-1111-1111-1111-111111111111', '2026-05-10 22:52:00', '2026-05-11 05:49:37', 5),
(4141, '11111111-1111-1111-1111-111111111111', '2026-05-11 23:50:00', '2026-05-12 08:43:29', 8),
(4142, '11111111-1111-1111-1111-111111111111', '2026-05-13 00:06:00', '2026-05-13 06:45:48', 9),
(4143, '11111111-1111-1111-1111-111111111111', '2026-05-14 00:25:00', '2026-05-14 07:58:45', 5),
(4144, '11111111-1111-1111-1111-111111111111', '2026-05-14 22:01:00', '2026-05-15 05:30:10', 8),
(4145, '11111111-1111-1111-1111-111111111111', '2026-05-16 00:07:00', '2026-05-16 08:42:46', 9),
(4146, '11111111-1111-1111-1111-111111111111', '2026-05-16 22:27:00', '2026-05-17 05:23:20', 7),
(4147, '11111111-1111-1111-1111-111111111111', '2026-05-18 00:04:00', '2026-05-18 08:33:18', 8),
(4148, '11111111-1111-1111-1111-111111111111', '2026-05-18 23:25:00', '2026-05-19 06:04:53', 7),
(4149, '11111111-1111-1111-1111-111111111111', '2026-05-19 23:13:00', '2026-05-20 07:14:11', 6),
(4150, '11111111-1111-1111-1111-111111111111', '2026-05-20 23:14:00', '2026-05-21 07:37:48', 5),
(4151, '11111111-1111-1111-1111-111111111111', '2026-05-21 22:46:00', '2026-05-22 05:47:53', 9),
(4152, '11111111-1111-1111-1111-111111111111', '2026-05-22 22:47:00', '2026-05-23 06:52:48', 8),
(4153, '11111111-1111-1111-1111-111111111111', '2026-05-23 22:37:00', '2026-05-24 05:07:35', 6),
(4154, '11111111-1111-1111-1111-111111111111', '2026-05-24 23:42:00', '2026-05-25 06:43:23', 4),
(4155, '11111111-1111-1111-1111-111111111111', '2026-05-25 23:18:00', '2026-05-26 07:31:11', 9),
(4156, '11111111-1111-1111-1111-111111111111', '2026-05-26 22:22:00', '2026-05-27 05:21:02', 7),
(4157, '11111111-1111-1111-1111-111111111111', '2026-05-27 22:26:00', '2026-05-28 06:17:16', 5),
(4158, '11111111-1111-1111-1111-111111111111', '2026-05-29 00:22:00', '2026-05-29 07:14:46', 7),
(4159, '11111111-1111-1111-1111-111111111111', '2026-05-29 22:03:00', '2026-05-30 06:38:38', 8),
(4160, '11111111-1111-1111-1111-111111111111', '2026-05-30 22:37:00', '2026-05-31 05:11:19', 6),
(4161, '11111111-1111-1111-1111-111111111111', '2026-05-31 23:01:00', '2026-06-01 06:19:50', 7),
(4162, '11111111-1111-1111-1111-111111111111', '2026-06-01 23:21:00', '2026-06-02 06:17:01', 9),
(4163, '11111111-1111-1111-1111-111111111111', '2026-06-02 23:11:00', '2026-06-03 07:55:11', 8),
(4164, '11111111-1111-1111-1111-111111111111', '2026-06-03 22:50:00', '2026-06-04 05:25:58', 8),
(4165, '11111111-1111-1111-1111-111111111111', '2026-06-05 00:09:00', '2026-06-05 07:03:40', 4),
(4166, '11111111-1111-1111-1111-111111111111', '2026-06-05 22:04:00', '2026-06-06 04:57:40', 7),
(4167, '11111111-1111-1111-1111-111111111111', '2026-06-06 23:54:00', '2026-06-07 07:57:31', 4),
(4168, '11111111-1111-1111-1111-111111111111', '2026-06-07 22:40:00', '2026-06-08 05:45:44', 5),
(4169, '11111111-1111-1111-1111-111111111111', '2026-06-08 22:55:00', '2026-06-09 07:00:17', 9),
(4170, '11111111-1111-1111-1111-111111111111', '2026-06-09 22:19:00', '2026-06-10 06:34:31', 9),
(4171, '11111111-1111-1111-1111-111111111111', '2026-06-10 22:23:00', '2026-06-11 05:54:53', 6),
(4172, '11111111-1111-1111-1111-111111111111', '2026-06-11 23:43:00', '2026-06-12 06:43:32', 7),
(4173, '11111111-1111-1111-1111-111111111111', '2026-06-12 23:01:00', '2026-06-13 07:38:02', 7),
(4174, '11111111-1111-1111-1111-111111111111', '2026-06-13 22:35:00', '2026-06-14 05:32:56', 4),
(4175, '11111111-1111-1111-1111-111111111111', '2026-06-14 23:30:00', '2026-06-15 07:16:31', 8),
(4176, '11111111-1111-1111-1111-111111111111', '2026-06-15 22:08:00', '2026-06-16 05:41:40', 9),
(4177, '11111111-1111-1111-1111-111111111111', '2026-06-16 23:58:00', '2026-06-17 08:44:57', 4),
(4178, '11111111-1111-1111-1111-111111111111', '2026-06-18 00:05:00', '2026-06-18 07:51:47', 5),
(4179, '11111111-1111-1111-1111-111111111111', '2026-06-18 22:15:00', '2026-06-19 05:58:27', 4),
(4180, '11111111-1111-1111-1111-111111111111', '2026-06-19 23:49:00', '2026-06-20 08:17:08', 5),
(4181, '11111111-1111-1111-1111-111111111111', '2026-06-20 23:22:00', '2026-06-21 06:25:50', 7),
(4182, '11111111-1111-1111-1111-111111111111', '2026-06-21 22:43:00', '2026-06-22 07:31:51', 4),
(4183, '11111111-1111-1111-1111-111111111111', '2026-06-22 22:41:00', '2026-06-23 05:20:45', 5),
(4184, '11111111-1111-1111-1111-111111111111', '2026-06-23 22:14:00', '2026-06-24 06:34:37', 7),
(4185, '11111111-1111-1111-1111-111111111111', '2026-06-24 23:41:00', '2026-06-25 07:28:30', 4),
(4186, '11111111-1111-1111-1111-111111111111', '2026-06-25 22:49:00', '2026-06-26 07:22:44', 6),
(4187, '11111111-1111-1111-1111-111111111111', '2026-06-26 23:24:00', '2026-06-27 06:16:19', 8),
(4188, '11111111-1111-1111-1111-111111111111', '2026-06-28 00:21:00', '2026-06-28 07:10:50', 4),
(4189, '11111111-1111-1111-1111-111111111111', '2026-06-28 23:02:00', '2026-06-29 05:51:43', 5),
(4190, '11111111-1111-1111-1111-111111111111', '2026-06-29 23:16:00', '2026-06-30 07:03:36', 8),
(4191, '11111111-1111-1111-1111-111111111111', '2026-07-04 00:15:00', '2026-07-04 08:11:39', 4),
(4192, '11111111-1111-1111-1111-111111111111', '2026-07-04 22:45:00', '2026-07-05 05:32:22', 9),
(4193, '11111111-1111-1111-1111-111111111111', '2026-07-05 23:39:00', '2026-07-06 08:18:48', 5),
(4300, '22222222-2222-2222-2222-222222222222', '2026-04-01 00:26:00', '2026-04-01 07:04:43', 4),
(4301, '22222222-2222-2222-2222-222222222222', '2026-04-01 22:33:00', '2026-04-02 05:07:34', 6),
(4302, '22222222-2222-2222-2222-222222222222', '2026-04-02 22:24:00', '2026-04-03 04:25:09', 4),
(4303, '22222222-2222-2222-2222-222222222222', '2026-04-03 23:16:00', '2026-04-04 05:51:19', 6),
(4304, '22222222-2222-2222-2222-222222222222', '2026-04-05 00:02:00', '2026-04-05 08:49:52', 7),
(4305, '22222222-2222-2222-2222-222222222222', '2026-04-05 23:01:00', '2026-04-06 06:23:03', 4),
(4306, '22222222-2222-2222-2222-222222222222', '2026-04-06 22:18:00', '2026-04-07 05:29:51', 6),
(4307, '22222222-2222-2222-2222-222222222222', '2026-04-07 23:15:00', '2026-04-08 07:59:17', 6),
(4308, '22222222-2222-2222-2222-222222222222', '2026-04-09 00:30:00', '2026-04-09 09:08:07', 6),
(4309, '22222222-2222-2222-2222-222222222222', '2026-04-10 00:10:00', '2026-04-10 07:31:58', 9),
(4310, '22222222-2222-2222-2222-222222222222', '2026-04-10 23:56:00', '2026-04-11 07:32:52', 9),
(4311, '22222222-2222-2222-2222-222222222222', '2026-04-11 22:29:00', '2026-04-12 07:06:13', 5),
(4312, '22222222-2222-2222-2222-222222222222', '2026-04-12 23:43:00', '2026-04-13 07:41:12', 5),
(4313, '22222222-2222-2222-2222-222222222222', '2026-04-13 23:45:00', '2026-04-14 05:50:49', 4),
(4314, '22222222-2222-2222-2222-222222222222', '2026-04-15 00:28:00', '2026-04-15 06:32:57', 6),
(4315, '22222222-2222-2222-2222-222222222222', '2026-04-15 22:21:00', '2026-04-16 06:42:30', 7),
(4316, '22222222-2222-2222-2222-222222222222', '2026-04-16 23:02:00', '2026-04-17 05:14:12', 5),
(4317, '22222222-2222-2222-2222-222222222222', '2026-04-17 23:25:00', '2026-04-18 05:40:24', 8),
(4318, '22222222-2222-2222-2222-222222222222', '2026-04-18 23:02:00', '2026-04-19 07:25:04', 4),
(4319, '22222222-2222-2222-2222-222222222222', '2026-04-20 00:03:00', '2026-04-20 08:56:41', 4),
(4320, '22222222-2222-2222-2222-222222222222', '2026-04-20 22:25:00', '2026-04-21 04:35:10', 7),
(4321, '22222222-2222-2222-2222-222222222222', '2026-04-21 22:30:00', '2026-04-22 06:08:09', 7),
(4322, '22222222-2222-2222-2222-222222222222', '2026-04-22 23:58:00', '2026-04-23 08:15:30', 6),
(4323, '22222222-2222-2222-2222-222222222222', '2026-04-23 22:06:00', '2026-04-24 06:55:23', 6),
(4324, '22222222-2222-2222-2222-222222222222', '2026-04-24 23:29:00', '2026-04-25 07:05:41', 5),
(4325, '22222222-2222-2222-2222-222222222222', '2026-04-26 00:07:00', '2026-04-26 08:15:41', 9),
(4326, '22222222-2222-2222-2222-222222222222', '2026-04-26 22:44:00', '2026-04-27 05:38:08', 9),
(4327, '22222222-2222-2222-2222-222222222222', '2026-04-27 22:24:00', '2026-04-28 04:29:16', 5),
(4328, '22222222-2222-2222-2222-222222222222', '2026-04-29 00:14:00', '2026-04-29 07:15:23', 9),
(4329, '22222222-2222-2222-2222-222222222222', '2026-04-29 23:59:00', '2026-04-30 07:40:01', 8),
(4330, '22222222-2222-2222-2222-222222222222', '2026-04-30 23:27:00', '2026-05-01 06:04:48', 9),
(4331, '22222222-2222-2222-2222-222222222222', '2026-05-01 23:48:00', '2026-05-02 05:51:10', 8),
(4332, '22222222-2222-2222-2222-222222222222', '2026-05-02 23:12:00', '2026-05-03 06:12:11', 9),
(4333, '22222222-2222-2222-2222-222222222222', '2026-05-03 23:07:00', '2026-05-04 06:50:42', 4),
(4334, '22222222-2222-2222-2222-222222222222', '2026-05-04 22:46:00', '2026-05-05 06:56:21', 6),
(4335, '22222222-2222-2222-2222-222222222222', '2026-05-06 00:18:00', '2026-05-06 08:58:21', 5),
(4336, '22222222-2222-2222-2222-222222222222', '2026-05-06 22:17:00', '2026-05-07 06:12:40', 8),
(4337, '22222222-2222-2222-2222-222222222222', '2026-05-07 22:20:00', '2026-05-08 06:02:39', 6),
(4338, '22222222-2222-2222-2222-222222222222', '2026-05-08 23:50:00', '2026-05-09 08:39:07', 9),
(4339, '22222222-2222-2222-2222-222222222222', '2026-05-09 22:46:00', '2026-05-10 05:51:09', 5),
(4340, '22222222-2222-2222-2222-222222222222', '2026-05-10 22:16:00', '2026-05-11 06:04:49', 7),
(4341, '22222222-2222-2222-2222-222222222222', '2026-05-11 22:46:00', '2026-05-12 06:56:50', 6),
(4342, '22222222-2222-2222-2222-222222222222', '2026-05-12 22:34:00', '2026-05-13 07:09:09', 5),
(4343, '22222222-2222-2222-2222-222222222222', '2026-05-13 22:56:00', '2026-05-14 07:28:11', 6),
(4344, '22222222-2222-2222-2222-222222222222', '2026-05-14 23:36:00', '2026-05-15 07:33:38', 9),
(4345, '22222222-2222-2222-2222-222222222222', '2026-05-15 22:34:00', '2026-05-16 04:56:30', 7),
(4346, '22222222-2222-2222-2222-222222222222', '2026-05-16 23:20:00', '2026-05-17 08:01:44', 5),
(4347, '22222222-2222-2222-2222-222222222222', '2026-05-17 22:42:00', '2026-05-18 06:59:41', 4),
(4348, '22222222-2222-2222-2222-222222222222', '2026-05-19 00:03:00', '2026-05-19 08:18:55', 4),
(4349, '22222222-2222-2222-2222-222222222222', '2026-05-19 22:53:00', '2026-05-20 05:08:38', 7),
(4350, '22222222-2222-2222-2222-222222222222', '2026-05-21 00:18:00', '2026-05-21 09:10:37', 6),
(4351, '22222222-2222-2222-2222-222222222222', '2026-05-22 00:15:00', '2026-05-22 09:00:28', 8),
(4352, '22222222-2222-2222-2222-222222222222', '2026-05-22 22:19:00', '2026-05-23 05:16:31', 6),
(4353, '22222222-2222-2222-2222-222222222222', '2026-05-23 23:27:00', '2026-05-24 06:08:09', 5),
(4354, '22222222-2222-2222-2222-222222222222', '2026-05-24 22:44:00', '2026-05-25 06:22:05', 6),
(4355, '22222222-2222-2222-2222-222222222222', '2026-05-25 22:09:00', '2026-05-26 05:09:51', 8),
(4356, '22222222-2222-2222-2222-222222222222', '2026-05-27 00:23:00', '2026-05-27 08:27:37', 4),
(4357, '22222222-2222-2222-2222-222222222222', '2026-05-27 22:03:00', '2026-05-28 05:59:26', 7),
(4358, '22222222-2222-2222-2222-222222222222', '2026-05-28 23:41:00', '2026-05-29 07:45:13', 6),
(4359, '22222222-2222-2222-2222-222222222222', '2026-05-29 22:55:00', '2026-05-30 07:20:44', 7),
(4360, '22222222-2222-2222-2222-222222222222', '2026-05-30 22:23:00', '2026-05-31 05:05:17', 9),
(4361, '22222222-2222-2222-2222-222222222222', '2026-05-31 23:23:00', '2026-06-01 07:36:44', 8),
(4362, '22222222-2222-2222-2222-222222222222', '2026-06-01 22:11:00', '2026-06-02 06:14:53', 5),
(4363, '22222222-2222-2222-2222-222222222222', '2026-06-03 00:02:00', '2026-06-03 06:28:59', 7),
(4364, '22222222-2222-2222-2222-222222222222', '2026-06-03 22:42:00', '2026-06-04 07:28:47', 7),
(4365, '22222222-2222-2222-2222-222222222222', '2026-06-04 22:35:00', '2026-06-05 05:24:24', 4),
(4366, '22222222-2222-2222-2222-222222222222', '2026-06-05 23:31:00', '2026-06-06 08:25:28', 5),
(4367, '22222222-2222-2222-2222-222222222222', '2026-06-07 00:19:00', '2026-06-07 09:16:12', 5),
(4368, '22222222-2222-2222-2222-222222222222', '2026-06-07 23:19:00', '2026-06-08 05:39:15', 9),
(4369, '22222222-2222-2222-2222-222222222222', '2026-06-08 22:46:00', '2026-06-09 04:56:43', 8),
(4370, '22222222-2222-2222-2222-222222222222', '2026-06-09 22:47:00', '2026-06-10 06:58:45', 6),
(4371, '22222222-2222-2222-2222-222222222222', '2026-06-10 22:33:00', '2026-06-11 05:43:49', 8),
(4372, '22222222-2222-2222-2222-222222222222', '2026-06-12 00:23:00', '2026-06-12 08:55:11', 4),
(4373, '22222222-2222-2222-2222-222222222222', '2026-06-12 22:35:00', '2026-06-13 04:42:21', 8),
(4374, '22222222-2222-2222-2222-222222222222', '2026-06-14 00:18:00', '2026-06-14 08:25:21', 6),
(4375, '22222222-2222-2222-2222-222222222222', '2026-06-14 23:14:00', '2026-06-15 05:54:15', 4),
(4376, '22222222-2222-2222-2222-222222222222', '2026-06-15 23:25:00', '2026-06-16 07:39:56', 9),
(4377, '22222222-2222-2222-2222-222222222222', '2026-06-17 00:25:00', '2026-06-17 08:56:23', 8),
(4378, '22222222-2222-2222-2222-222222222222', '2026-06-17 22:23:00', '2026-06-18 04:50:11', 8),
(4379, '22222222-2222-2222-2222-222222222222', '2026-06-18 22:10:00', '2026-06-19 04:25:59', 4),
(4380, '22222222-2222-2222-2222-222222222222', '2026-06-20 00:28:00', '2026-06-20 06:53:42', 8),
(4381, '22222222-2222-2222-2222-222222222222', '2026-06-20 23:54:00', '2026-06-21 08:13:44', 7),
(4382, '22222222-2222-2222-2222-222222222222', '2026-06-21 23:53:00', '2026-06-22 08:07:45', 6),
(4383, '22222222-2222-2222-2222-222222222222', '2026-06-22 22:56:00', '2026-06-23 07:22:47', 5),
(4384, '22222222-2222-2222-2222-222222222222', '2026-06-23 22:52:00', '2026-06-24 05:02:14', 8),
(4385, '22222222-2222-2222-2222-222222222222', '2026-06-24 23:33:00', '2026-06-25 06:36:44', 8),
(4386, '22222222-2222-2222-2222-222222222222', '2026-06-25 22:12:00', '2026-06-26 04:49:24', 4),
(4387, '22222222-2222-2222-2222-222222222222', '2026-06-26 22:30:00', '2026-06-27 05:34:05', 4),
(4388, '22222222-2222-2222-2222-222222222222', '2026-06-27 22:37:00', '2026-06-28 06:17:17', 9),
(4389, '22222222-2222-2222-2222-222222222222', '2026-06-28 22:04:00', '2026-06-29 05:12:14', 8),
(4390, '22222222-2222-2222-2222-222222222222', '2026-06-29 22:28:00', '2026-06-30 06:10:27', 9),
(4391, '22222222-2222-2222-2222-222222222222', '2026-07-03 23:14:00', '2026-07-04 05:57:54', 6),
(4392, '22222222-2222-2222-2222-222222222222', '2026-07-04 23:02:00', '2026-07-05 07:39:48', 7),
(4393, '22222222-2222-2222-2222-222222222222', '2026-07-06 00:03:00', '2026-07-06 07:51:57', 8);

INSERT INTO weight_logs (id, user_id, weight_kg, logged_at) VALUES
(6100, '11111111-1111-1111-1111-111111111111', 57.24, '2026-04-01 09:39:00'),
(6101, '11111111-1111-1111-1111-111111111111', 57.59, '2026-04-02 09:34:00'),
(6102, '11111111-1111-1111-1111-111111111111', 57.80, '2026-04-03 07:53:00'),
(6103, '11111111-1111-1111-1111-111111111111', 57.97, '2026-04-04 07:36:00'),
(6104, '11111111-1111-1111-1111-111111111111', 58.17, '2026-04-05 09:30:00'),
(6105, '11111111-1111-1111-1111-111111111111', 58.30, '2026-04-06 08:55:00'),
(6106, '11111111-1111-1111-1111-111111111111', 58.29, '2026-04-07 09:44:00'),
(6107, '11111111-1111-1111-1111-111111111111', 58.41, '2026-04-08 09:40:00'),
(6108, '11111111-1111-1111-1111-111111111111', 58.63, '2026-04-09 07:12:00'),
(6109, '11111111-1111-1111-1111-111111111111', 58.63, '2026-04-10 07:02:00'),
(6110, '11111111-1111-1111-1111-111111111111', 58.73, '2026-04-11 09:49:00'),
(6111, '11111111-1111-1111-1111-111111111111', 58.98, '2026-04-12 06:18:00'),
(6112, '11111111-1111-1111-1111-111111111111', 58.91, '2026-04-13 06:09:00'),
(6113, '11111111-1111-1111-1111-111111111111', 59.03, '2026-04-14 06:34:00'),
(6114, '11111111-1111-1111-1111-111111111111', 59.00, '2026-04-15 07:15:00'),
(6115, '11111111-1111-1111-1111-111111111111', 58.97, '2026-04-16 08:15:00'),
(6116, '11111111-1111-1111-1111-111111111111', 58.95, '2026-04-17 06:02:00'),
(6117, '11111111-1111-1111-1111-111111111111', 59.03, '2026-04-18 07:10:00'),
(6118, '11111111-1111-1111-1111-111111111111', 58.85, '2026-04-19 09:22:00'),
(6119, '11111111-1111-1111-1111-111111111111', 58.72, '2026-04-20 06:42:00'),
(6120, '11111111-1111-1111-1111-111111111111', 58.76, '2026-04-21 08:23:00'),
(6121, '11111111-1111-1111-1111-111111111111', 58.64, '2026-04-22 06:17:00'),
(6122, '11111111-1111-1111-1111-111111111111', 58.46, '2026-04-23 09:03:00'),
(6123, '11111111-1111-1111-1111-111111111111', 58.23, '2026-04-24 08:04:00'),
(6124, '11111111-1111-1111-1111-111111111111', 58.22, '2026-04-25 08:11:00'),
(6125, '11111111-1111-1111-1111-111111111111', 57.94, '2026-04-26 07:58:00'),
(6126, '11111111-1111-1111-1111-111111111111', 57.80, '2026-04-27 07:09:00'),
(6127, '11111111-1111-1111-1111-111111111111', 57.60, '2026-04-28 07:36:00'),
(6128, '11111111-1111-1111-1111-111111111111', 57.43, '2026-04-29 06:22:00'),
(6129, '11111111-1111-1111-1111-111111111111', 57.13, '2026-04-30 07:11:00'),
(6130, '11111111-1111-1111-1111-111111111111', 56.93, '2026-05-01 08:08:00'),
(6131, '11111111-1111-1111-1111-111111111111', 56.73, '2026-05-02 06:06:00'),
(6132, '11111111-1111-1111-1111-111111111111', 56.37, '2026-05-03 09:04:00'),
(6133, '11111111-1111-1111-1111-111111111111', 56.10, '2026-05-04 07:44:00'),
(6134, '11111111-1111-1111-1111-111111111111', 55.83, '2026-05-05 06:25:00'),
(6135, '11111111-1111-1111-1111-111111111111', 55.59, '2026-05-06 08:12:00'),
(6136, '11111111-1111-1111-1111-111111111111', 55.42, '2026-05-07 09:44:00'),
(6137, '11111111-1111-1111-1111-111111111111', 55.00, '2026-05-08 07:18:00'),
(6138, '11111111-1111-1111-1111-111111111111', 54.78, '2026-05-09 08:02:00'),
(6139, '11111111-1111-1111-1111-111111111111', 54.42, '2026-05-10 07:29:00'),
(6140, '11111111-1111-1111-1111-111111111111', 54.34, '2026-05-11 06:54:00'),
(6141, '11111111-1111-1111-1111-111111111111', 53.91, '2026-05-12 07:26:00'),
(6142, '11111111-1111-1111-1111-111111111111', 53.78, '2026-05-13 09:49:00'),
(6143, '11111111-1111-1111-1111-111111111111', 53.53, '2026-05-14 06:07:00'),
(6144, '11111111-1111-1111-1111-111111111111', 53.12, '2026-05-15 08:10:00'),
(6145, '11111111-1111-1111-1111-111111111111', 52.92, '2026-05-16 08:05:00'),
(6146, '11111111-1111-1111-1111-111111111111', 52.81, '2026-05-17 07:55:00'),
(6147, '11111111-1111-1111-1111-111111111111', 52.42, '2026-05-18 07:42:00'),
(6148, '11111111-1111-1111-1111-111111111111', 52.20, '2026-05-19 07:35:00'),
(6149, '11111111-1111-1111-1111-111111111111', 52.10, '2026-05-20 08:53:00'),
(6150, '11111111-1111-1111-1111-111111111111', 51.83, '2026-05-21 09:44:00'),
(6151, '11111111-1111-1111-1111-111111111111', 51.74, '2026-05-22 09:02:00'),
(6152, '11111111-1111-1111-1111-111111111111', 51.71, '2026-05-23 09:28:00'),
(6153, '11111111-1111-1111-1111-111111111111', 51.44, '2026-05-24 07:09:00'),
(6154, '11111111-1111-1111-1111-111111111111', 51.39, '2026-05-25 08:46:00'),
(6155, '11111111-1111-1111-1111-111111111111', 51.31, '2026-05-26 08:13:00'),
(6156, '11111111-1111-1111-1111-111111111111', 51.26, '2026-05-27 06:35:00'),
(6157, '11111111-1111-1111-1111-111111111111', 51.19, '2026-05-28 06:24:00'),
(6158, '11111111-1111-1111-1111-111111111111', 50.98, '2026-05-29 09:00:00'),
(6159, '11111111-1111-1111-1111-111111111111', 51.10, '2026-05-30 08:39:00'),
(6160, '11111111-1111-1111-1111-111111111111', 51.09, '2026-05-31 06:12:00'),
(6161, '11111111-1111-1111-1111-111111111111', 50.93, '2026-06-01 09:55:00'),
(6162, '11111111-1111-1111-1111-111111111111', 50.93, '2026-06-02 09:28:00'),
(6163, '11111111-1111-1111-1111-111111111111', 51.04, '2026-06-03 07:22:00'),
(6164, '11111111-1111-1111-1111-111111111111', 51.22, '2026-06-04 07:30:00'),
(6165, '11111111-1111-1111-1111-111111111111', 51.20, '2026-06-05 09:48:00'),
(6166, '11111111-1111-1111-1111-111111111111', 51.37, '2026-06-06 09:16:00'),
(6167, '11111111-1111-1111-1111-111111111111', 51.53, '2026-06-07 09:46:00'),
(6168, '11111111-1111-1111-1111-111111111111', 51.63, '2026-06-08 08:58:00'),
(6169, '11111111-1111-1111-1111-111111111111', 51.64, '2026-06-09 06:42:00'),
(6170, '11111111-1111-1111-1111-111111111111', 51.89, '2026-06-10 07:53:00'),
(6171, '11111111-1111-1111-1111-111111111111', 52.11, '2026-06-11 07:57:00'),
(6172, '11111111-1111-1111-1111-111111111111', 52.13, '2026-06-12 08:35:00'),
(6173, '11111111-1111-1111-1111-111111111111', 52.52, '2026-06-13 08:52:00'),
(6174, '11111111-1111-1111-1111-111111111111', 52.63, '2026-06-14 06:21:00'),
(6175, '11111111-1111-1111-1111-111111111111', 52.83, '2026-06-15 06:45:00'),
(6176, '11111111-1111-1111-1111-111111111111', 53.16, '2026-06-16 08:51:00'),
(6177, '11111111-1111-1111-1111-111111111111', 53.30, '2026-06-17 08:58:00'),
(6178, '11111111-1111-1111-1111-111111111111', 53.67, '2026-06-18 09:47:00'),
(6179, '11111111-1111-1111-1111-111111111111', 53.89, '2026-06-19 08:39:00'),
(6180, '11111111-1111-1111-1111-111111111111', 54.20, '2026-06-20 08:51:00'),
(6181, '11111111-1111-1111-1111-111111111111', 54.30, '2026-06-21 09:47:00'),
(6182, '11111111-1111-1111-1111-111111111111', 54.69, '2026-06-22 07:43:00'),
(6183, '11111111-1111-1111-1111-111111111111', 55.04, '2026-06-23 08:28:00'),
(6184, '11111111-1111-1111-1111-111111111111', 55.21, '2026-06-24 09:20:00'),
(6185, '11111111-1111-1111-1111-111111111111', 55.56, '2026-06-25 07:20:00'),
(6186, '11111111-1111-1111-1111-111111111111', 55.69, '2026-06-26 06:03:00'),
(6187, '11111111-1111-1111-1111-111111111111', 56.11, '2026-06-27 06:41:00'),
(6188, '11111111-1111-1111-1111-111111111111', 56.24, '2026-06-28 07:39:00'),
(6189, '11111111-1111-1111-1111-111111111111', 56.56, '2026-06-29 07:35:00'),
(6190, '11111111-1111-1111-1111-111111111111', 56.85, '2026-06-30 07:37:00'),
(6191, '11111111-1111-1111-1111-111111111111', 57.74, '2026-07-04 06:22:00'),
(6192, '11111111-1111-1111-1111-111111111111', 57.85, '2026-07-05 07:22:00'),
(6193, '11111111-1111-1111-1111-111111111111', 58.17, '2026-07-06 09:52:00'),
(6300, '22222222-2222-2222-2222-222222222222', 79.00, '2026-04-01 06:23:00'),
(6301, '22222222-2222-2222-2222-222222222222', 78.68, '2026-04-02 09:38:00'),
(6302, '22222222-2222-2222-2222-222222222222', 78.50, '2026-04-03 07:37:00'),
(6303, '22222222-2222-2222-2222-222222222222', 78.17, '2026-04-04 09:31:00'),
(6304, '22222222-2222-2222-2222-222222222222', 78.00, '2026-04-05 09:37:00'),
(6305, '22222222-2222-2222-2222-222222222222', 77.67, '2026-04-06 09:42:00'),
(6306, '22222222-2222-2222-2222-222222222222', 77.29, '2026-04-07 08:44:00'),
(6307, '22222222-2222-2222-2222-222222222222', 77.24, '2026-04-08 08:49:00'),
(6308, '22222222-2222-2222-2222-222222222222', 77.06, '2026-04-09 07:58:00'),
(6309, '22222222-2222-2222-2222-222222222222', 76.69, '2026-04-10 07:05:00'),
(6310, '22222222-2222-2222-2222-222222222222', 76.53, '2026-04-11 06:41:00'),
(6311, '22222222-2222-2222-2222-222222222222', 76.52, '2026-04-12 07:06:00'),
(6312, '22222222-2222-2222-2222-222222222222', 76.31, '2026-04-13 06:58:00'),
(6313, '22222222-2222-2222-2222-222222222222', 76.25, '2026-04-14 06:59:00'),
(6314, '22222222-2222-2222-2222-222222222222', 76.03, '2026-04-15 09:48:00'),
(6315, '22222222-2222-2222-2222-222222222222', 76.09, '2026-04-16 06:05:00'),
(6316, '22222222-2222-2222-2222-222222222222', 76.12, '2026-04-17 09:32:00'),
(6317, '22222222-2222-2222-2222-222222222222', 76.02, '2026-04-18 06:54:00'),
(6318, '22222222-2222-2222-2222-222222222222', 75.98, '2026-04-19 07:45:00'),
(6319, '22222222-2222-2222-2222-222222222222', 76.00, '2026-04-20 09:36:00'),
(6320, '22222222-2222-2222-2222-222222222222', 76.08, '2026-04-21 07:34:00'),
(6321, '22222222-2222-2222-2222-222222222222', 76.21, '2026-04-22 09:56:00'),
(6322, '22222222-2222-2222-2222-222222222222', 76.21, '2026-04-23 09:33:00'),
(6323, '22222222-2222-2222-2222-222222222222', 76.33, '2026-04-24 09:59:00'),
(6324, '22222222-2222-2222-2222-222222222222', 76.53, '2026-04-25 06:53:00'),
(6325, '22222222-2222-2222-2222-222222222222', 76.72, '2026-04-26 06:01:00'),
(6326, '22222222-2222-2222-2222-222222222222', 76.69, '2026-04-27 07:51:00'),
(6327, '22222222-2222-2222-2222-222222222222', 77.02, '2026-04-28 08:02:00'),
(6328, '22222222-2222-2222-2222-222222222222', 77.28, '2026-04-29 08:25:00'),
(6329, '22222222-2222-2222-2222-222222222222', 77.29, '2026-04-30 09:46:00'),
(6330, '22222222-2222-2222-2222-222222222222', 77.62, '2026-05-01 06:12:00'),
(6331, '22222222-2222-2222-2222-222222222222', 77.92, '2026-05-02 07:16:00'),
(6332, '22222222-2222-2222-2222-222222222222', 78.17, '2026-05-03 06:07:00'),
(6333, '22222222-2222-2222-2222-222222222222', 78.49, '2026-05-04 07:03:00'),
(6334, '22222222-2222-2222-2222-222222222222', 78.62, '2026-05-05 06:09:00'),
(6335, '22222222-2222-2222-2222-222222222222', 79.04, '2026-05-06 08:39:00'),
(6336, '22222222-2222-2222-2222-222222222222', 79.20, '2026-05-07 08:25:00'),
(6337, '22222222-2222-2222-2222-222222222222', 79.45, '2026-05-08 06:15:00'),
(6338, '22222222-2222-2222-2222-222222222222', 79.86, '2026-05-09 08:06:00'),
(6339, '22222222-2222-2222-2222-222222222222', 80.16, '2026-05-10 06:03:00'),
(6340, '22222222-2222-2222-2222-222222222222', 80.51, '2026-05-11 09:13:00'),
(6341, '22222222-2222-2222-2222-222222222222', 80.82, '2026-05-12 06:36:00'),
(6342, '22222222-2222-2222-2222-222222222222', 81.14, '2026-05-13 09:28:00'),
(6343, '22222222-2222-2222-2222-222222222222', 81.42, '2026-05-14 06:23:00'),
(6344, '22222222-2222-2222-2222-222222222222', 81.64, '2026-05-15 09:55:00'),
(6345, '22222222-2222-2222-2222-222222222222', 81.83, '2026-05-16 07:29:00'),
(6346, '22222222-2222-2222-2222-222222222222', 82.09, '2026-05-17 07:07:00'),
(6347, '22222222-2222-2222-2222-222222222222', 82.44, '2026-05-18 08:48:00'),
(6348, '22222222-2222-2222-2222-222222222222', 82.48, '2026-05-19 08:20:00'),
(6349, '22222222-2222-2222-2222-222222222222', 82.70, '2026-05-20 06:45:00'),
(6350, '22222222-2222-2222-2222-222222222222', 83.02, '2026-05-21 08:13:00'),
(6351, '22222222-2222-2222-2222-222222222222', 83.24, '2026-05-22 07:25:00'),
(6352, '22222222-2222-2222-2222-222222222222', 83.27, '2026-05-23 08:43:00'),
(6353, '22222222-2222-2222-2222-222222222222', 83.55, '2026-05-24 07:55:00'),
(6354, '22222222-2222-2222-2222-222222222222', 83.73, '2026-05-25 09:53:00'),
(6355, '22222222-2222-2222-2222-222222222222', 83.89, '2026-05-26 09:34:00'),
(6356, '22222222-2222-2222-2222-222222222222', 83.94, '2026-05-27 07:32:00'),
(6357, '22222222-2222-2222-2222-222222222222', 84.00, '2026-05-28 08:29:00'),
(6358, '22222222-2222-2222-2222-222222222222', 84.03, '2026-05-29 08:17:00'),
(6359, '22222222-2222-2222-2222-222222222222', 83.98, '2026-05-30 06:41:00'),
(6360, '22222222-2222-2222-2222-222222222222', 83.89, '2026-05-31 06:47:00'),
(6361, '22222222-2222-2222-2222-222222222222', 83.96, '2026-06-01 09:16:00'),
(6362, '22222222-2222-2222-2222-222222222222', 83.85, '2026-06-02 08:44:00'),
(6363, '22222222-2222-2222-2222-222222222222', 83.82, '2026-06-03 09:02:00'),
(6364, '22222222-2222-2222-2222-222222222222', 83.80, '2026-06-04 09:36:00'),
(6365, '22222222-2222-2222-2222-222222222222', 83.66, '2026-06-05 09:48:00'),
(6366, '22222222-2222-2222-2222-222222222222', 83.43, '2026-06-06 06:30:00'),
(6367, '22222222-2222-2222-2222-222222222222', 83.42, '2026-06-07 06:29:00'),
(6368, '22222222-2222-2222-2222-222222222222', 83.27, '2026-06-08 08:58:00'),
(6369, '22222222-2222-2222-2222-222222222222', 83.13, '2026-06-09 09:38:00'),
(6370, '22222222-2222-2222-2222-222222222222', 82.87, '2026-06-10 07:42:00'),
(6371, '22222222-2222-2222-2222-222222222222', 82.57, '2026-06-11 07:32:00'),
(6372, '22222222-2222-2222-2222-222222222222', 82.41, '2026-06-12 06:24:00'),
(6373, '22222222-2222-2222-2222-222222222222', 82.20, '2026-06-13 07:34:00'),
(6374, '22222222-2222-2222-2222-222222222222', 81.90, '2026-06-14 08:10:00'),
(6375, '22222222-2222-2222-2222-222222222222', 81.55, '2026-06-15 07:23:00'),
(6376, '22222222-2222-2222-2222-222222222222', 81.27, '2026-06-16 07:17:00'),
(6377, '22222222-2222-2222-2222-222222222222', 81.15, '2026-06-17 09:38:00'),
(6378, '22222222-2222-2222-2222-222222222222', 80.66, '2026-06-18 06:21:00'),
(6379, '22222222-2222-2222-2222-222222222222', 80.49, '2026-06-19 08:34:00'),
(6380, '22222222-2222-2222-2222-222222222222', 80.09, '2026-06-20 09:00:00'),
(6381, '22222222-2222-2222-2222-222222222222', 79.93, '2026-06-21 08:50:00'),
(6382, '22222222-2222-2222-2222-222222222222', 79.66, '2026-06-22 06:23:00'),
(6383, '22222222-2222-2222-2222-222222222222', 79.16, '2026-06-23 09:53:00'),
(6384, '22222222-2222-2222-2222-222222222222', 78.87, '2026-06-24 07:42:00'),
(6385, '22222222-2222-2222-2222-222222222222', 78.68, '2026-06-25 07:25:00'),
(6386, '22222222-2222-2222-2222-222222222222', 78.51, '2026-06-26 09:45:00'),
(6387, '22222222-2222-2222-2222-222222222222', 78.26, '2026-06-27 07:58:00'),
(6388, '22222222-2222-2222-2222-222222222222', 77.96, '2026-06-28 08:24:00'),
(6389, '22222222-2222-2222-2222-222222222222', 77.72, '2026-06-29 09:00:00'),
(6390, '22222222-2222-2222-2222-222222222222', 77.40, '2026-06-30 06:08:00'),
(6391, '22222222-2222-2222-2222-222222222222', 76.65, '2026-07-04 06:37:00'),
(6392, '22222222-2222-2222-2222-222222222222', 76.39, '2026-07-05 08:32:00'),
(6393, '22222222-2222-2222-2222-222222222222', 76.24, '2026-07-06 06:22:00');

INSERT INTO hydration_logs (id, user_id, logged_at, volume_ml) VALUES
(7100, '11111111-1111-1111-1111-111111111111', '2026-04-01 12:41:00', 80),
(7101, '11111111-1111-1111-1111-111111111111', '2026-04-01 08:46:00', 460),
(7102, '11111111-1111-1111-1111-111111111111', '2026-04-01 18:24:00', 1115),
(7103, '11111111-1111-1111-1111-111111111111', '2026-04-02 13:08:00', 937),
(7104, '11111111-1111-1111-1111-111111111111', '2026-04-02 07:52:00', 594),
(7105, '11111111-1111-1111-1111-111111111111', '2026-04-03 08:10:00', 853),
(7106, '11111111-1111-1111-1111-111111111111', '2026-04-03 20:41:00', 86),
(7107, '11111111-1111-1111-1111-111111111111', '2026-04-03 14:20:00', 560),
(7108, '11111111-1111-1111-1111-111111111111', '2026-04-04 14:10:00', 687),
(7109, '11111111-1111-1111-1111-111111111111', '2026-04-04 21:18:00', 220),
(7110, '11111111-1111-1111-1111-111111111111', '2026-04-04 08:51:00', 636),
(7111, '11111111-1111-1111-1111-111111111111', '2026-04-05 14:40:00', 670),
(7112, '11111111-1111-1111-1111-111111111111', '2026-04-05 20:27:00', 1190),
(7113, '11111111-1111-1111-1111-111111111111', '2026-04-06 19:32:00', 1597),
(7114, '11111111-1111-1111-1111-111111111111', '2026-04-06 13:46:00', 330),
(7115, '11111111-1111-1111-1111-111111111111', '2026-04-07 13:52:00', 695),
(7116, '11111111-1111-1111-1111-111111111111', '2026-04-07 20:12:00', 802),
(7117, '11111111-1111-1111-1111-111111111111', '2026-04-08 07:01:00', 713),
(7118, '11111111-1111-1111-1111-111111111111', '2026-04-08 13:13:00', 754),
(7119, '11111111-1111-1111-1111-111111111111', '2026-04-09 21:00:00', 252),
(7120, '11111111-1111-1111-1111-111111111111', '2026-04-09 15:59:00', 614),
(7121, '11111111-1111-1111-1111-111111111111', '2026-04-09 08:37:00', 1296),
(7122, '11111111-1111-1111-1111-111111111111', '2026-04-10 09:35:00', 742),
(7123, '11111111-1111-1111-1111-111111111111', '2026-04-10 19:44:00', 484),
(7124, '11111111-1111-1111-1111-111111111111', '2026-04-10 15:14:00', 611),
(7125, '11111111-1111-1111-1111-111111111111', '2026-04-11 18:04:00', 182),
(7126, '11111111-1111-1111-1111-111111111111', '2026-04-11 13:49:00', 1633),
(7127, '11111111-1111-1111-1111-111111111111', '2026-04-12 20:57:00', 561),
(7128, '11111111-1111-1111-1111-111111111111', '2026-04-12 14:18:00', 745),
(7129, '11111111-1111-1111-1111-111111111111', '2026-04-12 09:13:00', 724),
(7130, '11111111-1111-1111-1111-111111111111', '2026-04-13 19:26:00', 441),
(7131, '11111111-1111-1111-1111-111111111111', '2026-04-13 07:56:00', 1186),
(7132, '11111111-1111-1111-1111-111111111111', '2026-04-13 13:10:00', 50),
(7133, '11111111-1111-1111-1111-111111111111', '2026-04-14 10:52:00', 1058),
(7134, '11111111-1111-1111-1111-111111111111', '2026-04-14 15:56:00', 992),
(7135, '11111111-1111-1111-1111-111111111111', '2026-04-15 20:44:00', 1791),
(7136, '11111111-1111-1111-1111-111111111111', '2026-04-15 13:40:00', 292),
(7137, '11111111-1111-1111-1111-111111111111', '2026-04-16 08:52:00', 645),
(7138, '11111111-1111-1111-1111-111111111111', '2026-04-16 13:27:00', 929),
(7139, '11111111-1111-1111-1111-111111111111', '2026-04-17 18:24:00', 743),
(7140, '11111111-1111-1111-1111-111111111111', '2026-04-17 15:21:00', 979),
(7141, '11111111-1111-1111-1111-111111111111', '2026-04-17 07:41:00', 183),
(7142, '11111111-1111-1111-1111-111111111111', '2026-04-18 07:09:00', 737),
(7143, '11111111-1111-1111-1111-111111111111', '2026-04-18 18:37:00', 314),
(7144, '11111111-1111-1111-1111-111111111111', '2026-04-18 15:42:00', 735),
(7145, '11111111-1111-1111-1111-111111111111', '2026-04-19 08:19:00', 220),
(7146, '11111111-1111-1111-1111-111111111111', '2026-04-19 15:09:00', 543),
(7147, '11111111-1111-1111-1111-111111111111', '2026-04-19 18:57:00', 722),
(7148, '11111111-1111-1111-1111-111111111111', '2026-04-20 09:58:00', 852),
(7149, '11111111-1111-1111-1111-111111111111', '2026-04-20 15:38:00', 1172),
(7150, '11111111-1111-1111-1111-111111111111', '2026-04-21 08:50:00', 486),
(7151, '11111111-1111-1111-1111-111111111111', '2026-04-21 17:04:00', 1502),
(7152, '11111111-1111-1111-1111-111111111111', '2026-04-21 13:15:00', 193),
(7153, '11111111-1111-1111-1111-111111111111', '2026-04-22 10:07:00', 589),
(7154, '11111111-1111-1111-1111-111111111111', '2026-04-22 14:16:00', 596),
(7155, '11111111-1111-1111-1111-111111111111', '2026-04-22 19:23:00', 320),
(7156, '11111111-1111-1111-1111-111111111111', '2026-04-23 21:58:00', 159),
(7157, '11111111-1111-1111-1111-111111111111', '2026-04-23 08:02:00', 415),
(7158, '11111111-1111-1111-1111-111111111111', '2026-04-23 13:25:00', 1125),
(7159, '11111111-1111-1111-1111-111111111111', '2026-04-24 14:44:00', 807),
(7160, '11111111-1111-1111-1111-111111111111', '2026-04-24 08:12:00', 1181),
(7161, '11111111-1111-1111-1111-111111111111', '2026-04-25 09:31:00', 1025),
(7162, '11111111-1111-1111-1111-111111111111', '2026-04-25 17:05:00', 753),
(7163, '11111111-1111-1111-1111-111111111111', '2026-04-25 13:46:00', 50),
(7164, '11111111-1111-1111-1111-111111111111', '2026-04-26 19:35:00', 828),
(7165, '11111111-1111-1111-1111-111111111111', '2026-04-26 14:13:00', 985),
(7166, '11111111-1111-1111-1111-111111111111', '2026-04-27 17:04:00', 529),
(7167, '11111111-1111-1111-1111-111111111111', '2026-04-27 10:21:00', 992),
(7168, '11111111-1111-1111-1111-111111111111', '2026-04-28 14:39:00', 1373),
(7169, '11111111-1111-1111-1111-111111111111', '2026-04-28 19:51:00', 184),
(7170, '11111111-1111-1111-1111-111111111111', '2026-04-29 14:42:00', 1189),
(7171, '11111111-1111-1111-1111-111111111111', '2026-04-29 08:21:00', 711),
(7172, '11111111-1111-1111-1111-111111111111', '2026-04-30 17:23:00', 2007),
(7173, '11111111-1111-1111-1111-111111111111', '2026-04-30 08:24:00', 91),
(7174, '11111111-1111-1111-1111-111111111111', '2026-05-01 13:16:00', 827),
(7175, '11111111-1111-1111-1111-111111111111', '2026-05-01 18:57:00', 969),
(7176, '11111111-1111-1111-1111-111111111111', '2026-05-01 08:27:00', 50),
(7177, '11111111-1111-1111-1111-111111111111', '2026-05-02 07:09:00', 1344),
(7178, '11111111-1111-1111-1111-111111111111', '2026-05-02 18:29:00', 579),
(7179, '11111111-1111-1111-1111-111111111111', '2026-05-03 07:39:00', 570),
(7180, '11111111-1111-1111-1111-111111111111', '2026-05-03 12:31:00', 867),
(7181, '11111111-1111-1111-1111-111111111111', '2026-05-04 07:08:00', 186),
(7182, '11111111-1111-1111-1111-111111111111', '2026-05-04 14:12:00', 1350),
(7183, '11111111-1111-1111-1111-111111111111', '2026-05-05 12:21:00', 1360),
(7184, '11111111-1111-1111-1111-111111111111', '2026-05-05 10:30:00', 385),
(7185, '11111111-1111-1111-1111-111111111111', '2026-05-06 20:34:00', 433),
(7186, '11111111-1111-1111-1111-111111111111', '2026-05-06 14:15:00', 1422),
(7187, '11111111-1111-1111-1111-111111111111', '2026-05-07 07:14:00', 445),
(7188, '11111111-1111-1111-1111-111111111111', '2026-05-07 17:54:00', 278),
(7189, '11111111-1111-1111-1111-111111111111', '2026-05-07 12:53:00', 732),
(7190, '11111111-1111-1111-1111-111111111111', '2026-05-08 21:35:00', 80),
(7191, '11111111-1111-1111-1111-111111111111', '2026-05-08 07:50:00', 1532),
(7192, '11111111-1111-1111-1111-111111111111', '2026-05-08 12:54:00', 386),
(7193, '11111111-1111-1111-1111-111111111111', '2026-05-09 07:42:00', 722),
(7194, '11111111-1111-1111-1111-111111111111', '2026-05-09 17:43:00', 439),
(7195, '11111111-1111-1111-1111-111111111111', '2026-05-09 13:44:00', 472),
(7196, '11111111-1111-1111-1111-111111111111', '2026-05-10 12:35:00', 498),
(7197, '11111111-1111-1111-1111-111111111111', '2026-05-10 07:17:00', 1209),
(7198, '11111111-1111-1111-1111-111111111111', '2026-05-11 15:22:00', 278),
(7199, '11111111-1111-1111-1111-111111111111', '2026-05-11 21:12:00', 650),
(7200, '11111111-1111-1111-1111-111111111111', '2026-05-11 08:10:00', 581),
(7201, '11111111-1111-1111-1111-111111111111', '2026-05-12 08:59:00', 1224),
(7202, '11111111-1111-1111-1111-111111111111', '2026-05-12 14:31:00', 426),
(7203, '11111111-1111-1111-1111-111111111111', '2026-05-12 17:27:00', 83),
(7204, '11111111-1111-1111-1111-111111111111', '2026-05-13 20:08:00', 618),
(7205, '11111111-1111-1111-1111-111111111111', '2026-05-13 13:48:00', 905),
(7206, '11111111-1111-1111-1111-111111111111', '2026-05-14 07:51:00', 938),
(7207, '11111111-1111-1111-1111-111111111111', '2026-05-14 17:14:00', 1197),
(7208, '11111111-1111-1111-1111-111111111111', '2026-05-15 18:19:00', 716),
(7209, '11111111-1111-1111-1111-111111111111', '2026-05-15 09:26:00', 949),
(7210, '11111111-1111-1111-1111-111111111111', '2026-05-15 13:45:00', 217),
(7211, '11111111-1111-1111-1111-111111111111', '2026-05-16 20:02:00', 778),
(7212, '11111111-1111-1111-1111-111111111111', '2026-05-16 08:06:00', 204),
(7213, '11111111-1111-1111-1111-111111111111', '2026-05-16 15:06:00', 448),
(7214, '11111111-1111-1111-1111-111111111111', '2026-05-17 12:41:00', 887),
(7215, '11111111-1111-1111-1111-111111111111', '2026-05-17 18:25:00', 467),
(7216, '11111111-1111-1111-1111-111111111111', '2026-05-17 09:28:00', 809),
(7217, '11111111-1111-1111-1111-111111111111', '2026-05-18 17:27:00', 501),
(7218, '11111111-1111-1111-1111-111111111111', '2026-05-18 14:54:00', 1389),
(7219, '11111111-1111-1111-1111-111111111111', '2026-05-19 07:08:00', 602),
(7220, '11111111-1111-1111-1111-111111111111', '2026-05-19 13:53:00', 556),
(7221, '11111111-1111-1111-1111-111111111111', '2026-05-19 20:52:00', 402),
(7222, '11111111-1111-1111-1111-111111111111', '2026-05-20 19:51:00', 528),
(7223, '11111111-1111-1111-1111-111111111111', '2026-05-20 07:32:00', 1453),
(7224, '11111111-1111-1111-1111-111111111111', '2026-05-21 07:19:00', 836),
(7225, '11111111-1111-1111-1111-111111111111', '2026-05-21 14:33:00', 1124),
(7226, '11111111-1111-1111-1111-111111111111', '2026-05-22 14:08:00', 388),
(7227, '11111111-1111-1111-1111-111111111111', '2026-05-22 20:12:00', 1727),
(7228, '11111111-1111-1111-1111-111111111111', '2026-05-23 08:12:00', 447),
(7229, '11111111-1111-1111-1111-111111111111', '2026-05-23 17:02:00', 1005),
(7230, '11111111-1111-1111-1111-111111111111', '2026-05-24 09:28:00', 198),
(7231, '11111111-1111-1111-1111-111111111111', '2026-05-24 19:16:00', 1357),
(7232, '11111111-1111-1111-1111-111111111111', '2026-05-25 17:07:00', 621),
(7233, '11111111-1111-1111-1111-111111111111', '2026-05-25 08:37:00', 922),
(7234, '11111111-1111-1111-1111-111111111111', '2026-05-26 07:42:00', 405),
(7235, '11111111-1111-1111-1111-111111111111', '2026-05-26 13:36:00', 638),
(7236, '11111111-1111-1111-1111-111111111111', '2026-05-26 17:07:00', 893),
(7237, '11111111-1111-1111-1111-111111111111', '2026-05-27 17:02:00', 1328),
(7238, '11111111-1111-1111-1111-111111111111', '2026-05-27 13:45:00', 505),
(7239, '11111111-1111-1111-1111-111111111111', '2026-05-27 10:14:00', 172),
(7240, '11111111-1111-1111-1111-111111111111', '2026-05-28 20:55:00', 1036),
(7241, '11111111-1111-1111-1111-111111111111', '2026-05-28 08:26:00', 1070),
(7242, '11111111-1111-1111-1111-111111111111', '2026-05-29 18:00:00', 629),
(7243, '11111111-1111-1111-1111-111111111111', '2026-05-29 13:36:00', 758),
(7244, '11111111-1111-1111-1111-111111111111', '2026-05-29 08:46:00', 324),
(7245, '11111111-1111-1111-1111-111111111111', '2026-05-30 07:58:00', 180),
(7246, '11111111-1111-1111-1111-111111111111', '2026-05-30 21:06:00', 1499),
(7247, '11111111-1111-1111-1111-111111111111', '2026-05-31 14:57:00', 320),
(7248, '11111111-1111-1111-1111-111111111111', '2026-05-31 09:36:00', 551),
(7249, '11111111-1111-1111-1111-111111111111', '2026-05-31 17:58:00', 722),
(7250, '11111111-1111-1111-1111-111111111111', '2026-06-01 14:15:00', 980),
(7251, '11111111-1111-1111-1111-111111111111', '2026-06-01 18:42:00', 714),
(7252, '11111111-1111-1111-1111-111111111111', '2026-06-02 07:20:00', 963),
(7253, '11111111-1111-1111-1111-111111111111', '2026-06-02 15:55:00', 577),
(7254, '11111111-1111-1111-1111-111111111111', '2026-06-02 20:01:00', 68),
(7255, '11111111-1111-1111-1111-111111111111', '2026-06-03 14:16:00', 1487),
(7256, '11111111-1111-1111-1111-111111111111', '2026-06-03 10:09:00', 704),
(7257, '11111111-1111-1111-1111-111111111111', '2026-06-04 10:00:00', 592),
(7258, '11111111-1111-1111-1111-111111111111', '2026-06-04 14:19:00', 770),
(7259, '11111111-1111-1111-1111-111111111111', '2026-06-04 21:58:00', 469),
(7260, '11111111-1111-1111-1111-111111111111', '2026-06-05 21:54:00', 238),
(7261, '11111111-1111-1111-1111-111111111111', '2026-06-05 15:50:00', 1020),
(7262, '11111111-1111-1111-1111-111111111111', '2026-06-05 10:20:00', 798),
(7263, '11111111-1111-1111-1111-111111111111', '2026-06-06 15:14:00', 1292),
(7264, '11111111-1111-1111-1111-111111111111', '2026-06-06 20:57:00', 834),
(7265, '11111111-1111-1111-1111-111111111111', '2026-06-07 09:27:00', 80),
(7266, '11111111-1111-1111-1111-111111111111', '2026-06-07 17:31:00', 478),
(7267, '11111111-1111-1111-1111-111111111111', '2026-06-07 13:31:00', 1472),
(7268, '11111111-1111-1111-1111-111111111111', '2026-06-08 14:31:00', 759),
(7269, '11111111-1111-1111-1111-111111111111', '2026-06-08 18:19:00', 1360),
(7270, '11111111-1111-1111-1111-111111111111', '2026-06-08 09:24:00', 72),
(7271, '11111111-1111-1111-1111-111111111111', '2026-06-09 15:12:00', 669),
(7272, '11111111-1111-1111-1111-111111111111', '2026-06-09 21:59:00', 540),
(7273, '11111111-1111-1111-1111-111111111111', '2026-06-09 07:30:00', 772),
(7274, '11111111-1111-1111-1111-111111111111', '2026-06-10 07:42:00', 607),
(7275, '11111111-1111-1111-1111-111111111111', '2026-06-10 15:46:00', 680),
(7276, '11111111-1111-1111-1111-111111111111', '2026-06-10 17:49:00', 855),
(7277, '11111111-1111-1111-1111-111111111111', '2026-06-11 08:43:00', 903),
(7278, '11111111-1111-1111-1111-111111111111', '2026-06-11 17:11:00', 1046),
(7279, '11111111-1111-1111-1111-111111111111', '2026-06-12 13:57:00', 930),
(7280, '11111111-1111-1111-1111-111111111111', '2026-06-12 17:51:00', 936),
(7281, '11111111-1111-1111-1111-111111111111', '2026-06-13 07:15:00', 429),
(7282, '11111111-1111-1111-1111-111111111111', '2026-06-13 13:47:00', 835),
(7283, '11111111-1111-1111-1111-111111111111', '2026-06-13 18:39:00', 651),
(7284, '11111111-1111-1111-1111-111111111111', '2026-06-14 19:02:00', 894),
(7285, '11111111-1111-1111-1111-111111111111', '2026-06-14 15:33:00', 759),
(7286, '11111111-1111-1111-1111-111111111111', '2026-06-15 09:07:00', 450),
(7287, '11111111-1111-1111-1111-111111111111', '2026-06-15 13:49:00', 619),
(7288, '11111111-1111-1111-1111-111111111111', '2026-06-15 20:34:00', 930),
(7289, '11111111-1111-1111-1111-111111111111', '2026-06-16 14:16:00', 1136),
(7290, '11111111-1111-1111-1111-111111111111', '2026-06-16 08:57:00', 80),
(7291, '11111111-1111-1111-1111-111111111111', '2026-06-16 20:22:00', 761),
(7292, '11111111-1111-1111-1111-111111111111', '2026-06-17 09:31:00', 830),
(7293, '11111111-1111-1111-1111-111111111111', '2026-06-17 20:34:00', 1123),
(7294, '11111111-1111-1111-1111-111111111111', '2026-06-18 17:24:00', 915),
(7295, '11111111-1111-1111-1111-111111111111', '2026-06-18 14:14:00', 1185),
(7296, '11111111-1111-1111-1111-111111111111', '2026-06-18 10:59:00', 50),
(7297, '11111111-1111-1111-1111-111111111111', '2026-06-19 10:01:00', 974),
(7298, '11111111-1111-1111-1111-111111111111', '2026-06-19 19:40:00', 782),
(7299, '11111111-1111-1111-1111-111111111111', '2026-06-20 07:37:00', 949),
(7300, '11111111-1111-1111-1111-111111111111', '2026-06-20 13:46:00', 525),
(7301, '11111111-1111-1111-1111-111111111111', '2026-06-21 09:48:00', 1503),
(7302, '11111111-1111-1111-1111-111111111111', '2026-06-21 14:09:00', 387),
(7303, '11111111-1111-1111-1111-111111111111', '2026-06-22 21:13:00', 1036),
(7304, '11111111-1111-1111-1111-111111111111', '2026-06-22 12:03:00', 275),
(7305, '11111111-1111-1111-1111-111111111111', '2026-06-22 07:48:00', 179),
(7306, '11111111-1111-1111-1111-111111111111', '2026-06-23 19:14:00', 748),
(7307, '11111111-1111-1111-1111-111111111111', '2026-06-23 13:23:00', 302),
(7308, '11111111-1111-1111-1111-111111111111', '2026-06-23 08:43:00', 918),
(7309, '11111111-1111-1111-1111-111111111111', '2026-06-24 20:41:00', 1427),
(7310, '11111111-1111-1111-1111-111111111111', '2026-06-24 09:36:00', 113),
(7311, '11111111-1111-1111-1111-111111111111', '2026-06-25 13:46:00', 562),
(7312, '11111111-1111-1111-1111-111111111111', '2026-06-25 21:04:00', 1451),
(7313, '11111111-1111-1111-1111-111111111111', '2026-06-26 09:29:00', 390),
(7314, '11111111-1111-1111-1111-111111111111', '2026-06-26 14:15:00', 684),
(7315, '11111111-1111-1111-1111-111111111111', '2026-06-26 20:54:00', 456),
(7316, '11111111-1111-1111-1111-111111111111', '2026-06-27 15:26:00', 1138),
(7317, '11111111-1111-1111-1111-111111111111', '2026-06-27 07:38:00', 319),
(7318, '11111111-1111-1111-1111-111111111111', '2026-06-27 18:58:00', 50),
(7319, '11111111-1111-1111-1111-111111111111', '2026-06-28 21:30:00', 1285),
(7320, '11111111-1111-1111-1111-111111111111', '2026-06-28 15:00:00', 545),
(7321, '11111111-1111-1111-1111-111111111111', '2026-06-29 08:44:00', 80),
(7322, '11111111-1111-1111-1111-111111111111', '2026-06-29 12:00:00', 1199),
(7323, '11111111-1111-1111-1111-111111111111', '2026-06-29 17:39:00', 704),
(7324, '11111111-1111-1111-1111-111111111111', '2026-06-30 07:19:00', 622),
(7325, '11111111-1111-1111-1111-111111111111', '2026-06-30 18:03:00', 783),
(7326, '11111111-1111-1111-1111-111111111111', '2026-06-30 13:19:00', 324),
(7327, '11111111-1111-1111-1111-111111111111', '2026-07-04 13:45:00', 167),
(7328, '11111111-1111-1111-1111-111111111111', '2026-07-04 07:16:00', 630),
(7329, '11111111-1111-1111-1111-111111111111', '2026-07-04 17:59:00', 691),
(7330, '11111111-1111-1111-1111-111111111111', '2026-07-05 15:42:00', 1999),
(7331, '11111111-1111-1111-1111-111111111111', '2026-07-05 17:29:00', 93),
(7332, '11111111-1111-1111-1111-111111111111', '2026-07-06 18:51:00', 1213),
(7333, '11111111-1111-1111-1111-111111111111', '2026-07-06 10:43:00', 611),
(7800, '22222222-2222-2222-2222-222222222222', '2026-04-01 08:26:00', 1253),
(7801, '22222222-2222-2222-2222-222222222222', '2026-04-01 12:38:00', 1479),
(7802, '22222222-2222-2222-2222-222222222222', '2026-04-02 18:17:00', 80),
(7803, '22222222-2222-2222-2222-222222222222', '2026-04-02 13:47:00', 2529),
(7804, '22222222-2222-2222-2222-222222222222', '2026-04-03 07:52:00', 1530),
(7805, '22222222-2222-2222-2222-222222222222', '2026-04-03 12:12:00', 1075),
(7806, '22222222-2222-2222-2222-222222222222', '2026-04-04 08:44:00', 1265),
(7807, '22222222-2222-2222-2222-222222222222', '2026-04-04 19:54:00', 1699),
(7808, '22222222-2222-2222-2222-222222222222', '2026-04-05 17:25:00', 635),
(7809, '22222222-2222-2222-2222-222222222222', '2026-04-05 08:43:00', 1484),
(7810, '22222222-2222-2222-2222-222222222222', '2026-04-05 13:18:00', 69),
(7811, '22222222-2222-2222-2222-222222222222', '2026-04-06 21:37:00', 1689),
(7812, '22222222-2222-2222-2222-222222222222', '2026-04-06 12:37:00', 507),
(7813, '22222222-2222-2222-2222-222222222222', '2026-04-07 09:05:00', 535),
(7814, '22222222-2222-2222-2222-222222222222', '2026-04-07 20:34:00', 1737),
(7815, '22222222-2222-2222-2222-222222222222', '2026-04-08 13:15:00', 978),
(7816, '22222222-2222-2222-2222-222222222222', '2026-04-08 18:43:00', 953),
(7817, '22222222-2222-2222-2222-222222222222', '2026-04-08 09:44:00', 410),
(7818, '22222222-2222-2222-2222-222222222222', '2026-04-09 08:08:00', 1337),
(7819, '22222222-2222-2222-2222-222222222222', '2026-04-09 12:37:00', 103),
(7820, '22222222-2222-2222-2222-222222222222', '2026-04-09 21:53:00', 1540),
(7821, '22222222-2222-2222-2222-222222222222', '2026-04-10 08:29:00', 1120),
(7822, '22222222-2222-2222-2222-222222222222', '2026-04-10 21:59:00', 754),
(7823, '22222222-2222-2222-2222-222222222222', '2026-04-10 15:06:00', 622),
(7824, '22222222-2222-2222-2222-222222222222', '2026-04-11 15:42:00', 2193),
(7825, '22222222-2222-2222-2222-222222222222', '2026-04-11 19:51:00', 314),
(7826, '22222222-2222-2222-2222-222222222222', '2026-04-12 10:44:00', 1031),
(7827, '22222222-2222-2222-2222-222222222222', '2026-04-12 15:20:00', 1655),
(7828, '22222222-2222-2222-2222-222222222222', '2026-04-13 19:54:00', 861),
(7829, '22222222-2222-2222-2222-222222222222', '2026-04-13 08:22:00', 1330),
(7830, '22222222-2222-2222-2222-222222222222', '2026-04-13 13:31:00', 686),
(7831, '22222222-2222-2222-2222-222222222222', '2026-04-14 17:14:00', 517),
(7832, '22222222-2222-2222-2222-222222222222', '2026-04-14 10:03:00', 776),
(7833, '22222222-2222-2222-2222-222222222222', '2026-04-14 14:53:00', 1580),
(7834, '22222222-2222-2222-2222-222222222222', '2026-04-15 15:01:00', 1135),
(7835, '22222222-2222-2222-2222-222222222222', '2026-04-15 08:41:00', 1296),
(7836, '22222222-2222-2222-2222-222222222222', '2026-04-15 18:04:00', 464),
(7837, '22222222-2222-2222-2222-222222222222', '2026-04-16 19:38:00', 585),
(7838, '22222222-2222-2222-2222-222222222222', '2026-04-16 09:54:00', 564),
(7839, '22222222-2222-2222-2222-222222222222', '2026-04-16 14:02:00', 1401),
(7840, '22222222-2222-2222-2222-222222222222', '2026-04-17 21:44:00', 1342),
(7841, '22222222-2222-2222-2222-222222222222', '2026-04-17 13:23:00', 842),
(7842, '22222222-2222-2222-2222-222222222222', '2026-04-18 09:36:00', 1006),
(7843, '22222222-2222-2222-2222-222222222222', '2026-04-18 14:08:00', 1073),
(7844, '22222222-2222-2222-2222-222222222222', '2026-04-19 10:11:00', 976),
(7845, '22222222-2222-2222-2222-222222222222', '2026-04-19 20:34:00', 1132),
(7846, '22222222-2222-2222-2222-222222222222', '2026-04-20 09:51:00', 455),
(7847, '22222222-2222-2222-2222-222222222222', '2026-04-20 13:31:00', 1442),
(7848, '22222222-2222-2222-2222-222222222222', '2026-04-20 21:55:00', 666),
(7849, '22222222-2222-2222-2222-222222222222', '2026-04-21 18:22:00', 956),
(7850, '22222222-2222-2222-2222-222222222222', '2026-04-21 08:56:00', 870),
(7851, '22222222-2222-2222-2222-222222222222', '2026-04-21 13:40:00', 886),
(7852, '22222222-2222-2222-2222-222222222222', '2026-04-22 12:58:00', 1045),
(7853, '22222222-2222-2222-2222-222222222222', '2026-04-22 20:47:00', 1456),
(7854, '22222222-2222-2222-2222-222222222222', '2026-04-23 12:45:00', 2354),
(7855, '22222222-2222-2222-2222-222222222222', '2026-04-23 19:51:00', 468),
(7856, '22222222-2222-2222-2222-222222222222', '2026-04-24 14:48:00', 2047),
(7857, '22222222-2222-2222-2222-222222222222', '2026-04-24 09:50:00', 391),
(7858, '22222222-2222-2222-2222-222222222222', '2026-04-25 13:44:00', 1387),
(7859, '22222222-2222-2222-2222-222222222222', '2026-04-25 09:33:00', 1081),
(7860, '22222222-2222-2222-2222-222222222222', '2026-04-26 09:20:00', 1331),
(7861, '22222222-2222-2222-2222-222222222222', '2026-04-26 12:31:00', 885),
(7862, '22222222-2222-2222-2222-222222222222', '2026-04-27 13:39:00', 323),
(7863, '22222222-2222-2222-2222-222222222222', '2026-04-27 20:58:00', 1183),
(7864, '22222222-2222-2222-2222-222222222222', '2026-04-27 08:27:00', 978),
(7865, '22222222-2222-2222-2222-222222222222', '2026-04-28 09:42:00', 948),
(7866, '22222222-2222-2222-2222-222222222222', '2026-04-28 15:21:00', 747),
(7867, '22222222-2222-2222-2222-222222222222', '2026-04-28 21:37:00', 1028),
(7868, '22222222-2222-2222-2222-222222222222', '2026-04-29 07:41:00', 420),
(7869, '22222222-2222-2222-2222-222222222222', '2026-04-29 13:10:00', 1892),
(7870, '22222222-2222-2222-2222-222222222222', '2026-04-30 09:52:00', 712),
(7871, '22222222-2222-2222-2222-222222222222', '2026-04-30 21:52:00', 1889),
(7872, '22222222-2222-2222-2222-222222222222', '2026-05-01 12:31:00', 1188),
(7873, '22222222-2222-2222-2222-222222222222', '2026-05-01 09:08:00', 413),
(7874, '22222222-2222-2222-2222-222222222222', '2026-05-01 17:39:00', 648),
(7875, '22222222-2222-2222-2222-222222222222', '2026-05-02 18:00:00', 902),
(7876, '22222222-2222-2222-2222-222222222222', '2026-05-02 08:14:00', 1146),
(7877, '22222222-2222-2222-2222-222222222222', '2026-05-02 15:29:00', 522),
(7878, '22222222-2222-2222-2222-222222222222', '2026-05-03 21:12:00', 471),
(7879, '22222222-2222-2222-2222-222222222222', '2026-05-03 10:18:00', 585),
(7880, '22222222-2222-2222-2222-222222222222', '2026-05-03 12:13:00', 1167),
(7881, '22222222-2222-2222-2222-222222222222', '2026-05-04 19:57:00', 259),
(7882, '22222222-2222-2222-2222-222222222222', '2026-05-04 09:48:00', 1244),
(7883, '22222222-2222-2222-2222-222222222222', '2026-05-04 14:53:00', 1317),
(7884, '22222222-2222-2222-2222-222222222222', '2026-05-05 15:33:00', 868),
(7885, '22222222-2222-2222-2222-222222222222', '2026-05-05 09:06:00', 1003),
(7886, '22222222-2222-2222-2222-222222222222', '2026-05-05 19:19:00', 943),
(7887, '22222222-2222-2222-2222-222222222222', '2026-05-06 17:41:00', 1125),
(7888, '22222222-2222-2222-2222-222222222222', '2026-05-06 08:04:00', 310),
(7889, '22222222-2222-2222-2222-222222222222', '2026-05-06 15:23:00', 626),
(7890, '22222222-2222-2222-2222-222222222222', '2026-05-07 20:51:00', 1345),
(7891, '22222222-2222-2222-2222-222222222222', '2026-05-07 07:53:00', 1256),
(7892, '22222222-2222-2222-2222-222222222222', '2026-05-08 09:05:00', 800),
(7893, '22222222-2222-2222-2222-222222222222', '2026-05-08 17:54:00', 2148),
(7894, '22222222-2222-2222-2222-222222222222', '2026-05-09 08:56:00', 705),
(7895, '22222222-2222-2222-2222-222222222222', '2026-05-09 12:29:00', 1552),
(7896, '22222222-2222-2222-2222-222222222222', '2026-05-10 08:50:00', 1125),
(7897, '22222222-2222-2222-2222-222222222222', '2026-05-10 18:42:00', 1384),
(7898, '22222222-2222-2222-2222-222222222222', '2026-05-11 19:24:00', 853),
(7899, '22222222-2222-2222-2222-222222222222', '2026-05-11 10:19:00', 1254),
(7900, '22222222-2222-2222-2222-222222222222', '2026-05-11 12:46:00', 864),
(7901, '22222222-2222-2222-2222-222222222222', '2026-05-12 08:15:00', 324),
(7902, '22222222-2222-2222-2222-222222222222', '2026-05-12 15:39:00', 833),
(7903, '22222222-2222-2222-2222-222222222222', '2026-05-12 20:49:00', 1007),
(7904, '22222222-2222-2222-2222-222222222222', '2026-05-13 17:01:00', 755),
(7905, '22222222-2222-2222-2222-222222222222', '2026-05-13 14:39:00', 1288),
(7906, '22222222-2222-2222-2222-222222222222', '2026-05-13 10:17:00', 566),
(7907, '22222222-2222-2222-2222-222222222222', '2026-05-14 09:25:00', 521),
(7908, '22222222-2222-2222-2222-222222222222', '2026-05-14 18:59:00', 2228),
(7909, '22222222-2222-2222-2222-222222222222', '2026-05-15 14:04:00', 1991),
(7910, '22222222-2222-2222-2222-222222222222', '2026-05-15 17:46:00', 457),
(7911, '22222222-2222-2222-2222-222222222222', '2026-05-16 10:28:00', 1287),
(7912, '22222222-2222-2222-2222-222222222222', '2026-05-16 17:17:00', 839),
(7913, '22222222-2222-2222-2222-222222222222', '2026-05-16 14:16:00', 431),
(7914, '22222222-2222-2222-2222-222222222222', '2026-05-17 08:10:00', 1916),
(7915, '22222222-2222-2222-2222-222222222222', '2026-05-17 17:52:00', 919),
(7916, '22222222-2222-2222-2222-222222222222', '2026-05-18 17:21:00', 492),
(7917, '22222222-2222-2222-2222-222222222222', '2026-05-18 09:23:00', 2438),
(7918, '22222222-2222-2222-2222-222222222222', '2026-05-18 12:43:00', 50),
(7919, '22222222-2222-2222-2222-222222222222', '2026-05-19 14:56:00', 623),
(7920, '22222222-2222-2222-2222-222222222222', '2026-05-19 17:22:00', 916),
(7921, '22222222-2222-2222-2222-222222222222', '2026-05-19 10:20:00', 1086),
(7922, '22222222-2222-2222-2222-222222222222', '2026-05-20 20:50:00', 217),
(7923, '22222222-2222-2222-2222-222222222222', '2026-05-20 09:07:00', 1361),
(7924, '22222222-2222-2222-2222-222222222222', '2026-05-20 12:08:00', 1302),
(7925, '22222222-2222-2222-2222-222222222222', '2026-05-21 18:57:00', 578),
(7926, '22222222-2222-2222-2222-222222222222', '2026-05-21 08:41:00', 1674),
(7927, '22222222-2222-2222-2222-222222222222', '2026-05-22 07:40:00', 828),
(7928, '22222222-2222-2222-2222-222222222222', '2026-05-22 21:13:00', 1214),
(7929, '22222222-2222-2222-2222-222222222222', '2026-05-22 15:06:00', 904),
(7930, '22222222-2222-2222-2222-222222222222', '2026-05-23 14:01:00', 353),
(7931, '22222222-2222-2222-2222-222222222222', '2026-05-23 19:41:00', 1900),
(7932, '22222222-2222-2222-2222-222222222222', '2026-05-24 10:49:00', 650),
(7933, '22222222-2222-2222-2222-222222222222', '2026-05-24 17:38:00', 1113),
(7934, '22222222-2222-2222-2222-222222222222', '2026-05-24 12:30:00', 1113),
(7935, '22222222-2222-2222-2222-222222222222', '2026-05-25 10:03:00', 1050),
(7936, '22222222-2222-2222-2222-222222222222', '2026-05-25 20:51:00', 1026),
(7937, '22222222-2222-2222-2222-222222222222', '2026-05-26 12:35:00', 100),
(7938, '22222222-2222-2222-2222-222222222222', '2026-05-26 08:04:00', 1232),
(7939, '22222222-2222-2222-2222-222222222222', '2026-05-26 19:56:00', 1229),
(7940, '22222222-2222-2222-2222-222222222222', '2026-05-27 17:59:00', 1184),
(7941, '22222222-2222-2222-2222-222222222222', '2026-05-27 09:17:00', 275),
(7942, '22222222-2222-2222-2222-222222222222', '2026-05-27 12:55:00', 1260),
(7943, '22222222-2222-2222-2222-222222222222', '2026-05-28 08:21:00', 1319),
(7944, '22222222-2222-2222-2222-222222222222', '2026-05-28 15:10:00', 835),
(7945, '22222222-2222-2222-2222-222222222222', '2026-05-29 09:48:00', 173),
(7946, '22222222-2222-2222-2222-222222222222', '2026-05-29 17:46:00', 631),
(7947, '22222222-2222-2222-2222-222222222222', '2026-05-29 15:36:00', 1539),
(7948, '22222222-2222-2222-2222-222222222222', '2026-05-30 17:18:00', 632),
(7949, '22222222-2222-2222-2222-222222222222', '2026-05-30 08:07:00', 2026),
(7950, '22222222-2222-2222-2222-222222222222', '2026-05-31 19:59:00', 807),
(7951, '22222222-2222-2222-2222-222222222222', '2026-05-31 10:28:00', 401),
(7952, '22222222-2222-2222-2222-222222222222', '2026-05-31 15:57:00', 1298),
(7953, '22222222-2222-2222-2222-222222222222', '2026-06-01 18:47:00', 1002),
(7954, '22222222-2222-2222-2222-222222222222', '2026-06-01 15:18:00', 1743),
(7955, '22222222-2222-2222-2222-222222222222', '2026-06-02 18:29:00', 646),
(7956, '22222222-2222-2222-2222-222222222222', '2026-06-02 15:28:00', 947),
(7957, '22222222-2222-2222-2222-222222222222', '2026-06-02 09:00:00', 423),
(7958, '22222222-2222-2222-2222-222222222222', '2026-06-03 13:34:00', 724),
(7959, '22222222-2222-2222-2222-222222222222', '2026-06-03 10:39:00', 424),
(7960, '22222222-2222-2222-2222-222222222222', '2026-06-03 20:36:00', 1469),
(7961, '22222222-2222-2222-2222-222222222222', '2026-06-04 19:30:00', 1505),
(7962, '22222222-2222-2222-2222-222222222222', '2026-06-04 13:26:00', 953),
(7963, '22222222-2222-2222-2222-222222222222', '2026-06-05 20:33:00', 870),
(7964, '22222222-2222-2222-2222-222222222222', '2026-06-05 14:28:00', 1752),
(7965, '22222222-2222-2222-2222-222222222222', '2026-06-06 15:50:00', 1239),
(7966, '22222222-2222-2222-2222-222222222222', '2026-06-06 18:57:00', 1696),
(7967, '22222222-2222-2222-2222-222222222222', '2026-06-07 10:00:00', 768),
(7968, '22222222-2222-2222-2222-222222222222', '2026-06-07 18:35:00', 939),
(7969, '22222222-2222-2222-2222-222222222222', '2026-06-07 12:53:00', 814),
(7970, '22222222-2222-2222-2222-222222222222', '2026-06-08 09:52:00', 1071),
(7971, '22222222-2222-2222-2222-222222222222', '2026-06-08 21:45:00', 992),
(7972, '22222222-2222-2222-2222-222222222222', '2026-06-08 15:44:00', 476),
(7973, '22222222-2222-2222-2222-222222222222', '2026-06-09 09:21:00', 648),
(7974, '22222222-2222-2222-2222-222222222222', '2026-06-09 19:43:00', 2025),
(7975, '22222222-2222-2222-2222-222222222222', '2026-06-10 13:20:00', 257),
(7976, '22222222-2222-2222-2222-222222222222', '2026-06-10 07:06:00', 2016),
(7977, '22222222-2222-2222-2222-222222222222', '2026-06-11 21:43:00', 840),
(7978, '22222222-2222-2222-2222-222222222222', '2026-06-11 07:33:00', 2118),
(7979, '22222222-2222-2222-2222-222222222222', '2026-06-12 10:41:00', 1093),
(7980, '22222222-2222-2222-2222-222222222222', '2026-06-12 17:44:00', 1053),
(7981, '22222222-2222-2222-2222-222222222222', '2026-06-13 15:35:00', 1736),
(7982, '22222222-2222-2222-2222-222222222222', '2026-06-13 19:57:00', 601),
(7983, '22222222-2222-2222-2222-222222222222', '2026-06-13 08:02:00', 97),
(7984, '22222222-2222-2222-2222-222222222222', '2026-06-14 17:24:00', 457),
(7985, '22222222-2222-2222-2222-222222222222', '2026-06-14 10:33:00', 766),
(7986, '22222222-2222-2222-2222-222222222222', '2026-06-14 12:04:00', 847),
(7987, '22222222-2222-2222-2222-222222222222', '2026-06-15 18:28:00', 2239),
(7988, '22222222-2222-2222-2222-222222222222', '2026-06-15 07:45:00', 754),
(7989, '22222222-2222-2222-2222-222222222222', '2026-06-16 09:07:00', 763),
(7990, '22222222-2222-2222-2222-222222222222', '2026-06-16 13:29:00', 1037),
(7991, '22222222-2222-2222-2222-222222222222', '2026-06-16 17:28:00', 369),
(7992, '22222222-2222-2222-2222-222222222222', '2026-06-17 10:58:00', 1564),
(7993, '22222222-2222-2222-2222-222222222222', '2026-06-17 15:05:00', 1038),
(7994, '22222222-2222-2222-2222-222222222222', '2026-06-18 18:45:00', 1106),
(7995, '22222222-2222-2222-2222-222222222222', '2026-06-18 10:06:00', 888),
(7996, '22222222-2222-2222-2222-222222222222', '2026-06-18 15:27:00', 180),
(7997, '22222222-2222-2222-2222-222222222222', '2026-06-19 08:35:00', 228),
(7998, '22222222-2222-2222-2222-222222222222', '2026-06-19 19:22:00', 805),
(7999, '22222222-2222-2222-2222-222222222222', '2026-06-19 12:02:00', 1200),
(8000, '22222222-2222-2222-2222-222222222222', '2026-06-20 13:43:00', 1309),
(8001, '22222222-2222-2222-2222-222222222222', '2026-06-20 09:49:00', 1070),
(8002, '22222222-2222-2222-2222-222222222222', '2026-06-21 12:19:00', 1135),
(8003, '22222222-2222-2222-2222-222222222222', '2026-06-21 08:09:00', 1067),
(8004, '22222222-2222-2222-2222-222222222222', '2026-06-21 19:03:00', 599),
(8005, '22222222-2222-2222-2222-222222222222', '2026-06-22 12:30:00', 1245),
(8006, '22222222-2222-2222-2222-222222222222', '2026-06-22 21:58:00', 1185),
(8007, '22222222-2222-2222-2222-222222222222', '2026-06-22 09:06:00', 180),
(8008, '22222222-2222-2222-2222-222222222222', '2026-06-23 07:04:00', 745),
(8009, '22222222-2222-2222-2222-222222222222', '2026-06-23 13:50:00', 1348),
(8010, '22222222-2222-2222-2222-222222222222', '2026-06-24 13:51:00', 1295),
(8011, '22222222-2222-2222-2222-222222222222', '2026-06-24 09:26:00', 837),
(8012, '22222222-2222-2222-2222-222222222222', '2026-06-25 21:37:00', 1201),
(8013, '22222222-2222-2222-2222-222222222222', '2026-06-25 15:21:00', 1506),
(8014, '22222222-2222-2222-2222-222222222222', '2026-06-25 08:58:00', 50),
(8015, '22222222-2222-2222-2222-222222222222', '2026-06-26 14:18:00', 653),
(8016, '22222222-2222-2222-2222-222222222222', '2026-06-26 17:25:00', 1374),
(8017, '22222222-2222-2222-2222-222222222222', '2026-06-27 10:30:00', 323),
(8018, '22222222-2222-2222-2222-222222222222', '2026-06-27 21:01:00', 1468),
(8019, '22222222-2222-2222-2222-222222222222', '2026-06-27 12:57:00', 721),
(8020, '22222222-2222-2222-2222-222222222222', '2026-06-28 10:13:00', 451),
(8021, '22222222-2222-2222-2222-222222222222', '2026-06-28 15:44:00', 2389),
(8022, '22222222-2222-2222-2222-222222222222', '2026-06-29 10:13:00', 2287),
(8023, '22222222-2222-2222-2222-222222222222', '2026-06-29 19:17:00', 557),
(8024, '22222222-2222-2222-2222-222222222222', '2026-06-30 18:36:00', 464),
(8025, '22222222-2222-2222-2222-222222222222', '2026-06-30 08:21:00', 1247),
(8026, '22222222-2222-2222-2222-222222222222', '2026-06-30 12:11:00', 927),
(8027, '22222222-2222-2222-2222-222222222222', '2026-07-04 08:41:00', 474),
(8028, '22222222-2222-2222-2222-222222222222', '2026-07-04 17:46:00', 2369),
(8029, '22222222-2222-2222-2222-222222222222', '2026-07-05 19:10:00', 375),
(8030, '22222222-2222-2222-2222-222222222222', '2026-07-05 09:55:00', 2121),
(8031, '22222222-2222-2222-2222-222222222222', '2026-07-05 15:17:00', 203),
(8032, '22222222-2222-2222-2222-222222222222', '2026-07-06 17:50:00', 1332),
(8033, '22222222-2222-2222-2222-222222222222', '2026-07-06 09:35:00', 218),
(8034, '22222222-2222-2222-2222-222222222222', '2026-07-06 15:21:00', 1104);

INSERT INTO exercise_logs (id, user_id, exercise_type, duration_minutes, distance_km, calories_burned_kcal, logged_at) VALUES
(8100, '11111111-1111-1111-1111-111111111111', 'RUNNING', 26, 3.56, 281, '2026-04-01 12:56:00'),
(8101, '11111111-1111-1111-1111-111111111111', 'YOGA', 27, NULL, 80, '2026-04-02 07:50:00'),
(8102, '11111111-1111-1111-1111-111111111111', 'RUNNING', 33, 5.47, 242, '2026-04-03 20:39:00'),
(8103, '11111111-1111-1111-1111-111111111111', 'HIKING', 63, 3.20, 330, '2026-04-07 20:31:00'),
(8104, '11111111-1111-1111-1111-111111111111', 'HIKING', 73, 4.12, 382, '2026-04-10 15:15:00'),
(8105, '11111111-1111-1111-1111-111111111111', 'WALKING', 39, 2.14, 143, '2026-04-15 15:05:00'),
(8106, '11111111-1111-1111-1111-111111111111', 'RUNNING', 37, 5.80, 244, '2026-04-18 20:33:00'),
(8107, '11111111-1111-1111-1111-111111111111', 'RUNNING', 40, 4.65, 225, '2026-04-20 06:57:00'),
(8108, '11111111-1111-1111-1111-111111111111', 'SWIMMING', 38, 1.14, 239, '2026-04-25 09:50:00'),
(8109, '11111111-1111-1111-1111-111111111111', 'WALKING', 37, 4.01, 177, '2026-04-26 10:18:00'),
(8110, '11111111-1111-1111-1111-111111111111', 'WALKING', 21, 3.57, 121, '2026-04-28 12:21:00'),
(8111, '11111111-1111-1111-1111-111111111111', 'HIKING', 79, 3.69, 305, '2026-04-29 14:14:00'),
(8112, '11111111-1111-1111-1111-111111111111', 'RUNNING', 37, 5.09, 293, '2026-04-30 11:41:00'),
(8113, '11111111-1111-1111-1111-111111111111', 'SWIMMING', 33, 1.94, 215, '2026-05-04 10:52:00'),
(8114, '11111111-1111-1111-1111-111111111111', 'RUNNING', 41, 4.88, 200, '2026-05-07 19:11:00'),
(8115, '11111111-1111-1111-1111-111111111111', 'YOGA', 37, NULL, 90, '2026-05-10 12:04:00'),
(8116, '11111111-1111-1111-1111-111111111111', 'HIKING', 72, 3.63, 339, '2026-05-13 18:19:00'),
(8117, '11111111-1111-1111-1111-111111111111', 'WALKING', 27, 2.54, 144, '2026-05-16 13:25:00'),
(8118, '11111111-1111-1111-1111-111111111111', 'HIKING', 73, 3.38, 264, '2026-05-18 14:40:00'),
(8119, '11111111-1111-1111-1111-111111111111', 'RUNNING', 36, 5.74, 232, '2026-05-23 13:54:00'),
(8120, '11111111-1111-1111-1111-111111111111', 'YOGA', 22, NULL, 98, '2026-05-25 15:30:00'),
(8121, '11111111-1111-1111-1111-111111111111', 'WALKING', 39, 3.25, 116, '2026-05-29 07:38:00'),
(8122, '11111111-1111-1111-1111-111111111111', 'YOGA', 20, NULL, 126, '2026-05-30 20:12:00'),
(8123, '11111111-1111-1111-1111-111111111111', 'HIKING', 48, 3.94, 237, '2026-06-04 20:43:00'),
(8124, '11111111-1111-1111-1111-111111111111', 'SWIMMING', 39, 1.55, 214, '2026-06-06 11:47:00'),
(8125, '11111111-1111-1111-1111-111111111111', 'SWIMMING', 22, 1.26, 261, '2026-06-10 11:20:00'),
(8126, '11111111-1111-1111-1111-111111111111', 'WALKING', 21, 3.28, 133, '2026-06-13 07:50:00'),
(8127, '11111111-1111-1111-1111-111111111111', 'RUNNING', 32, 5.53, 240, '2026-06-15 09:35:00'),
(8128, '11111111-1111-1111-1111-111111111111', 'CYCLING', 44, 16.45, 295, '2026-06-18 08:20:00'),
(8129, '11111111-1111-1111-1111-111111111111', 'RUNNING', 25, 4.43, 227, '2026-06-21 08:29:00'),
(8130, '11111111-1111-1111-1111-111111111111', 'CYCLING', 36, 10.45, 284, '2026-06-23 11:27:00'),
(8131, '11111111-1111-1111-1111-111111111111', 'WALKING', 40, 3.14, 112, '2026-06-28 07:19:00'),
(8132, '11111111-1111-1111-1111-111111111111', 'RUNNING', 28, 5.82, 274, '2026-06-30 10:02:00'),
(8133, '11111111-1111-1111-1111-111111111111', 'HIKING', 53, 5.41, 383, '2026-07-04 18:19:00'),
(8134, '11111111-1111-1111-1111-111111111111', 'HIKING', 46, 3.61, 324, '2026-07-06 20:13:00'),
(8300, '22222222-2222-2222-2222-222222222222', 'CYCLING', 49, 21.65, 314, '2026-04-02 19:26:00'),
(8301, '22222222-2222-2222-2222-222222222222', 'YOGA', 35, NULL, 154, '2026-04-03 19:25:00'),
(8302, '22222222-2222-2222-2222-222222222222', 'CYCLING', 49, 15.68, 302, '2026-04-04 10:58:00'),
(8303, '22222222-2222-2222-2222-222222222222', 'SWIMMING', 44, 1.68, 274, '2026-04-05 15:58:00'),
(8304, '22222222-2222-2222-2222-222222222222', 'SWIMMING', 37, 2.00, 273, '2026-04-06 06:35:00'),
(8305, '22222222-2222-2222-2222-222222222222', 'RUNNING', 37, 5.76, 425, '2026-04-07 09:00:00'),
(8306, '22222222-2222-2222-2222-222222222222', 'WALKING', 37, 3.83, 162, '2026-04-08 13:32:00'),
(8307, '22222222-2222-2222-2222-222222222222', 'WALKING', 44, 5.03, 173, '2026-04-10 15:51:00'),
(8308, '22222222-2222-2222-2222-222222222222', 'SWIMMING', 41, 2.24, 295, '2026-04-12 20:27:00'),
(8309, '22222222-2222-2222-2222-222222222222', 'YOGA', 32, NULL, 105, '2026-04-13 15:26:00'),
(8310, '22222222-2222-2222-2222-222222222222', 'SWIMMING', 42, 2.37, 350, '2026-04-16 13:04:00'),
(8311, '22222222-2222-2222-2222-222222222222', 'YOGA', 23, NULL, 101, '2026-04-17 09:23:00'),
(8312, '22222222-2222-2222-2222-222222222222', 'SWIMMING', 30, 2.49, 263, '2026-04-18 13:02:00'),
(8313, '22222222-2222-2222-2222-222222222222', 'WALKING', 27, 3.92, 214, '2026-04-20 09:53:00'),
(8314, '22222222-2222-2222-2222-222222222222', 'HIKING', 78, 7.96, 376, '2026-04-21 20:24:00'),
(8315, '22222222-2222-2222-2222-222222222222', 'RUNNING', 49, 5.74, 450, '2026-04-22 08:50:00'),
(8316, '22222222-2222-2222-2222-222222222222', 'WALKING', 41, 5.28, 213, '2026-04-23 10:12:00'),
(8317, '22222222-2222-2222-2222-222222222222', 'RUNNING', 36, 5.21, 327, '2026-04-26 10:57:00'),
(8318, '22222222-2222-2222-2222-222222222222', 'RUNNING', 46, 7.10, 380, '2026-04-27 10:21:00'),
(8319, '22222222-2222-2222-2222-222222222222', 'CYCLING', 42, 20.58, 344, '2026-04-28 19:39:00'),
(8320, '22222222-2222-2222-2222-222222222222', 'SWIMMING', 33, 1.63, 277, '2026-05-01 06:13:00'),
(8321, '22222222-2222-2222-2222-222222222222', 'RUNNING', 46, 7.94, 407, '2026-05-02 15:33:00'),
(8322, '22222222-2222-2222-2222-222222222222', 'HIKING', 90, 7.38, 357, '2026-05-03 09:46:00'),
(8323, '22222222-2222-2222-2222-222222222222', 'WALKING', 34, 3.14, 201, '2026-05-04 09:28:00'),
(8324, '22222222-2222-2222-2222-222222222222', 'HIKING', 93, 4.00, 492, '2026-05-05 12:48:00'),
(8325, '22222222-2222-2222-2222-222222222222', 'WALKING', 41, 4.26, 242, '2026-05-06 06:07:00'),
(8326, '22222222-2222-2222-2222-222222222222', 'CYCLING', 53, 17.87, 362, '2026-05-07 18:19:00'),
(8327, '22222222-2222-2222-2222-222222222222', 'SWIMMING', 44, 2.05, 252, '2026-05-10 11:16:00'),
(8328, '22222222-2222-2222-2222-222222222222', 'RUNNING', 47, 4.39, 421, '2026-05-11 14:31:00'),
(8329, '22222222-2222-2222-2222-222222222222', 'WALKING', 35, 5.00, 249, '2026-05-14 14:18:00'),
(8330, '22222222-2222-2222-2222-222222222222', 'YOGA', 23, NULL, 102, '2026-05-15 17:13:00'),
(8331, '22222222-2222-2222-2222-222222222222', 'SWIMMING', 42, 1.95, 308, '2026-05-17 14:30:00'),
(8332, '22222222-2222-2222-2222-222222222222', 'RUNNING', 45, 4.09, 388, '2026-05-19 17:18:00'),
(8333, '22222222-2222-2222-2222-222222222222', 'WALKING', 30, 5.45, 175, '2026-05-20 15:52:00'),
(8334, '22222222-2222-2222-2222-222222222222', 'WALKING', 28, 5.95, 242, '2026-05-21 17:41:00'),
(8335, '22222222-2222-2222-2222-222222222222', 'RUNNING', 49, 6.70, 437, '2026-05-22 18:38:00'),
(8336, '22222222-2222-2222-2222-222222222222', 'YOGA', 27, NULL, 137, '2026-05-24 12:07:00'),
(8337, '22222222-2222-2222-2222-222222222222', 'YOGA', 36, NULL, 148, '2026-05-25 16:35:00'),
(8338, '22222222-2222-2222-2222-222222222222', 'YOGA', 26, NULL, 103, '2026-05-26 16:16:00'),
(8339, '22222222-2222-2222-2222-222222222222', 'WALKING', 43, 5.57, 186, '2026-05-30 11:17:00'),
(8340, '22222222-2222-2222-2222-222222222222', 'HIKING', 98, 8.09, 389, '2026-05-31 16:58:00'),
(8341, '22222222-2222-2222-2222-222222222222', 'RUNNING', 32, 4.47, 376, '2026-06-02 15:12:00'),
(8342, '22222222-2222-2222-2222-222222222222', 'YOGA', 33, NULL, 102, '2026-06-05 08:47:00'),
(8343, '22222222-2222-2222-2222-222222222222', 'CYCLING', 55, 22.09, 344, '2026-06-06 16:01:00'),
(8344, '22222222-2222-2222-2222-222222222222', 'WALKING', 31, 4.77, 182, '2026-06-07 08:04:00'),
(8345, '22222222-2222-2222-2222-222222222222', 'HIKING', 65, 9.95, 501, '2026-06-08 15:42:00'),
(8346, '22222222-2222-2222-2222-222222222222', 'YOGA', 33, NULL, 126, '2026-06-09 19:55:00'),
(8347, '22222222-2222-2222-2222-222222222222', 'RUNNING', 43, 5.89, 428, '2026-06-13 18:43:00'),
(8348, '22222222-2222-2222-2222-222222222222', 'WALKING', 43, 5.10, 219, '2026-06-14 07:40:00'),
(8349, '22222222-2222-2222-2222-222222222222', 'YOGA', 30, NULL, 151, '2026-06-15 06:54:00'),
(8350, '22222222-2222-2222-2222-222222222222', 'WALKING', 44, 4.75, 156, '2026-06-16 07:01:00'),
(8351, '22222222-2222-2222-2222-222222222222', 'SWIMMING', 32, 2.26, 316, '2026-06-18 11:14:00'),
(8352, '22222222-2222-2222-2222-222222222222', 'CYCLING', 38, 16.17, 316, '2026-06-19 12:19:00'),
(8353, '22222222-2222-2222-2222-222222222222', 'HIKING', 61, 4.52, 467, '2026-06-22 07:42:00'),
(8354, '22222222-2222-2222-2222-222222222222', 'WALKING', 44, 5.77, 175, '2026-06-23 10:07:00'),
(8355, '22222222-2222-2222-2222-222222222222', 'HIKING', 69, 7.15, 419, '2026-06-24 08:30:00'),
(8356, '22222222-2222-2222-2222-222222222222', 'YOGA', 21, NULL, 148, '2026-06-28 18:32:00'),
(8357, '22222222-2222-2222-2222-222222222222', 'YOGA', 24, NULL, 141, '2026-06-29 15:14:00'),
(8358, '22222222-2222-2222-2222-222222222222', 'HIKING', 76, 9.83, 423, '2026-06-30 07:51:00'),
(8359, '22222222-2222-2222-2222-222222222222', 'SWIMMING', 35, 1.92, 256, '2026-07-04 11:11:00'),
(8360, '22222222-2222-2222-2222-222222222222', 'SWIMMING', 43, 1.89, 333, '2026-07-05 11:17:00'),
(8361, '22222222-2222-2222-2222-222222222222', 'RUNNING', 31, 6.54, 338, '2026-07-06 10:51:00');

INSERT INTO mood_logs (id, user_id, logged_at, mood_rating, notes) VALUES
(9100, '11111111-1111-1111-1111-111111111111', '2026-04-01 22:18:00', 9, NULL),
(9101, '11111111-1111-1111-1111-111111111111', '2026-04-02 19:02:00', 9, NULL),
(9102, '11111111-1111-1111-1111-111111111111', '2026-04-03 21:39:00', 3, NULL),
(9103, '11111111-1111-1111-1111-111111111111', '2026-04-04 19:14:00', 4, NULL),
(9104, '11111111-1111-1111-1111-111111111111', '2026-04-05 20:10:00', 7, NULL),
(9105, '11111111-1111-1111-1111-111111111111', '2026-04-06 20:34:00', 6, NULL),
(9106, '11111111-1111-1111-1111-111111111111', '2026-04-07 20:47:00', 8, NULL),
(9107, '11111111-1111-1111-1111-111111111111', '2026-04-08 22:03:00', 8, NULL),
(9108, '11111111-1111-1111-1111-111111111111', '2026-04-09 20:58:00', 7, NULL),
(9109, '11111111-1111-1111-1111-111111111111', '2026-04-10 19:25:00', 9, NULL),
(9110, '11111111-1111-1111-1111-111111111111', '2026-04-11 21:10:00', 6, NULL),
(9111, '11111111-1111-1111-1111-111111111111', '2026-04-12 19:59:00', 2, NULL),
(9112, '11111111-1111-1111-1111-111111111111', '2026-04-13 19:28:00', 4, NULL),
(9113, '11111111-1111-1111-1111-111111111111', '2026-04-14 20:03:00', 9, NULL),
(9114, '11111111-1111-1111-1111-111111111111', '2026-04-15 20:58:00', 5, NULL),
(9115, '11111111-1111-1111-1111-111111111111', '2026-04-16 19:07:00', 5, NULL),
(9116, '11111111-1111-1111-1111-111111111111', '2026-04-17 22:31:00', 9, NULL),
(9117, '11111111-1111-1111-1111-111111111111', '2026-04-18 21:37:00', 7, NULL),
(9118, '11111111-1111-1111-1111-111111111111', '2026-04-19 19:23:00', 6, NULL),
(9119, '11111111-1111-1111-1111-111111111111', '2026-04-20 21:39:00', 8, NULL),
(9120, '11111111-1111-1111-1111-111111111111', '2026-04-21 19:51:00', 8, NULL),
(9121, '11111111-1111-1111-1111-111111111111', '2026-04-22 21:02:00', 8, NULL),
(9122, '11111111-1111-1111-1111-111111111111', '2026-04-23 21:10:00', 4, NULL),
(9123, '11111111-1111-1111-1111-111111111111', '2026-04-24 19:07:00', 6, NULL),
(9124, '11111111-1111-1111-1111-111111111111', '2026-04-25 21:27:00', 3, NULL),
(9125, '11111111-1111-1111-1111-111111111111', '2026-04-26 20:20:00', 5, NULL),
(9126, '11111111-1111-1111-1111-111111111111', '2026-04-27 21:14:00', 3, NULL),
(9127, '11111111-1111-1111-1111-111111111111', '2026-04-28 21:24:00', 6, NULL),
(9128, '11111111-1111-1111-1111-111111111111', '2026-04-29 19:55:00', 9, NULL),
(9129, '11111111-1111-1111-1111-111111111111', '2026-04-30 20:07:00', 4, NULL),
(9130, '11111111-1111-1111-1111-111111111111', '2026-05-01 19:29:00', 4, NULL),
(9131, '11111111-1111-1111-1111-111111111111', '2026-05-02 21:43:00', 9, NULL),
(9132, '11111111-1111-1111-1111-111111111111', '2026-05-03 19:55:00', 4, NULL),
(9133, '11111111-1111-1111-1111-111111111111', '2026-05-04 20:11:00', 4, NULL),
(9134, '11111111-1111-1111-1111-111111111111', '2026-05-05 22:02:00', 8, NULL),
(9135, '11111111-1111-1111-1111-111111111111', '2026-05-06 22:52:00', 8, NULL),
(9136, '11111111-1111-1111-1111-111111111111', '2026-05-07 19:37:00', 5, NULL),
(9137, '11111111-1111-1111-1111-111111111111', '2026-05-08 19:03:00', 7, NULL),
(9138, '11111111-1111-1111-1111-111111111111', '2026-05-09 22:03:00', 5, NULL),
(9139, '11111111-1111-1111-1111-111111111111', '2026-05-10 19:27:00', 2, NULL),
(9140, '11111111-1111-1111-1111-111111111111', '2026-05-11 20:35:00', 9, NULL),
(9141, '11111111-1111-1111-1111-111111111111', '2026-05-12 20:57:00', 6, NULL),
(9142, '11111111-1111-1111-1111-111111111111', '2026-05-13 20:44:00', 6, NULL),
(9143, '11111111-1111-1111-1111-111111111111', '2026-05-14 20:40:00', 7, NULL),
(9144, '11111111-1111-1111-1111-111111111111', '2026-05-15 21:24:00', 5, NULL),
(9145, '11111111-1111-1111-1111-111111111111', '2026-05-16 20:40:00', 3, NULL),
(9146, '11111111-1111-1111-1111-111111111111', '2026-05-17 21:12:00', 3, NULL),
(9147, '11111111-1111-1111-1111-111111111111', '2026-05-18 19:36:00', 9, NULL),
(9148, '11111111-1111-1111-1111-111111111111', '2026-05-19 19:35:00', 2, NULL),
(9149, '11111111-1111-1111-1111-111111111111', '2026-05-20 21:31:00', 6, NULL),
(9150, '11111111-1111-1111-1111-111111111111', '2026-05-21 21:40:00', 4, NULL),
(9151, '11111111-1111-1111-1111-111111111111', '2026-05-22 20:27:00', 6, NULL),
(9152, '11111111-1111-1111-1111-111111111111', '2026-05-23 22:27:00', 6, NULL),
(9153, '11111111-1111-1111-1111-111111111111', '2026-05-24 19:01:00', 4, NULL),
(9154, '11111111-1111-1111-1111-111111111111', '2026-05-25 22:14:00', 5, NULL),
(9155, '11111111-1111-1111-1111-111111111111', '2026-05-26 20:36:00', 9, NULL),
(9156, '11111111-1111-1111-1111-111111111111', '2026-05-27 20:27:00', 7, NULL),
(9157, '11111111-1111-1111-1111-111111111111', '2026-05-28 19:05:00', 5, NULL),
(9158, '11111111-1111-1111-1111-111111111111', '2026-05-29 20:19:00', 9, NULL),
(9159, '11111111-1111-1111-1111-111111111111', '2026-05-30 21:33:00', 9, NULL),
(9160, '11111111-1111-1111-1111-111111111111', '2026-05-31 20:53:00', 3, NULL),
(9161, '11111111-1111-1111-1111-111111111111', '2026-06-01 19:39:00', 9, NULL),
(9162, '11111111-1111-1111-1111-111111111111', '2026-06-02 20:42:00', 5, NULL),
(9163, '11111111-1111-1111-1111-111111111111', '2026-06-03 20:36:00', 9, NULL),
(9164, '11111111-1111-1111-1111-111111111111', '2026-06-04 22:32:00', 2, NULL),
(9165, '11111111-1111-1111-1111-111111111111', '2026-06-05 22:03:00', 8, NULL),
(9166, '11111111-1111-1111-1111-111111111111', '2026-06-06 20:28:00', 4, NULL),
(9167, '11111111-1111-1111-1111-111111111111', '2026-06-07 19:57:00', 6, NULL),
(9168, '11111111-1111-1111-1111-111111111111', '2026-06-08 22:43:00', 6, NULL),
(9169, '11111111-1111-1111-1111-111111111111', '2026-06-09 22:00:00', 4, NULL),
(9170, '11111111-1111-1111-1111-111111111111', '2026-06-10 19:10:00', 6, NULL),
(9171, '11111111-1111-1111-1111-111111111111', '2026-06-11 21:21:00', 9, NULL),
(9172, '11111111-1111-1111-1111-111111111111', '2026-06-12 21:08:00', 5, NULL),
(9173, '11111111-1111-1111-1111-111111111111', '2026-06-13 19:30:00', 9, NULL),
(9174, '11111111-1111-1111-1111-111111111111', '2026-06-14 22:00:00', 6, NULL),
(9175, '11111111-1111-1111-1111-111111111111', '2026-06-15 21:43:00', 7, NULL),
(9176, '11111111-1111-1111-1111-111111111111', '2026-06-16 20:03:00', 4, NULL),
(9177, '11111111-1111-1111-1111-111111111111', '2026-06-17 21:36:00', 7, NULL),
(9178, '11111111-1111-1111-1111-111111111111', '2026-06-18 22:39:00', 5, NULL),
(9179, '11111111-1111-1111-1111-111111111111', '2026-06-19 21:29:00', 6, NULL),
(9180, '11111111-1111-1111-1111-111111111111', '2026-06-20 20:03:00', 5, NULL),
(9181, '11111111-1111-1111-1111-111111111111', '2026-06-21 19:56:00', 8, NULL),
(9182, '11111111-1111-1111-1111-111111111111', '2026-06-22 19:56:00', 6, NULL),
(9183, '11111111-1111-1111-1111-111111111111', '2026-06-23 22:18:00', 4, NULL),
(9184, '11111111-1111-1111-1111-111111111111', '2026-06-24 22:19:00', 9, NULL),
(9185, '11111111-1111-1111-1111-111111111111', '2026-06-25 20:34:00', 4, NULL),
(9186, '11111111-1111-1111-1111-111111111111', '2026-06-26 22:18:00', 4, NULL),
(9187, '11111111-1111-1111-1111-111111111111', '2026-06-27 21:27:00', 7, NULL),
(9188, '11111111-1111-1111-1111-111111111111', '2026-06-28 20:56:00', 6, NULL),
(9189, '11111111-1111-1111-1111-111111111111', '2026-06-29 19:54:00', 7, NULL),
(9190, '11111111-1111-1111-1111-111111111111', '2026-06-30 22:07:00', 5, NULL),
(9191, '11111111-1111-1111-1111-111111111111', '2026-07-04 22:02:00', 9, NULL),
(9192, '11111111-1111-1111-1111-111111111111', '2026-07-05 20:46:00', 6, NULL),
(9193, '11111111-1111-1111-1111-111111111111', '2026-07-06 20:51:00', 4, NULL),
(9300, '22222222-2222-2222-2222-222222222222', '2026-04-01 20:32:00', 9, NULL),
(9301, '22222222-2222-2222-2222-222222222222', '2026-04-02 21:55:00', 8, NULL),
(9302, '22222222-2222-2222-2222-222222222222', '2026-04-03 22:31:00', 8, NULL),
(9303, '22222222-2222-2222-2222-222222222222', '2026-04-04 22:46:00', 8, NULL),
(9304, '22222222-2222-2222-2222-222222222222', '2026-04-05 22:04:00', 7, NULL),
(9305, '22222222-2222-2222-2222-222222222222', '2026-04-06 19:25:00', 7, NULL),
(9306, '22222222-2222-2222-2222-222222222222', '2026-04-07 19:57:00', 8, NULL),
(9307, '22222222-2222-2222-2222-222222222222', '2026-04-08 22:26:00', 5, NULL),
(9308, '22222222-2222-2222-2222-222222222222', '2026-04-09 20:57:00', 6, NULL),
(9309, '22222222-2222-2222-2222-222222222222', '2026-04-10 22:26:00', 4, NULL),
(9310, '22222222-2222-2222-2222-222222222222', '2026-04-11 22:16:00', 7, NULL),
(9311, '22222222-2222-2222-2222-222222222222', '2026-04-12 20:14:00', 9, NULL),
(9312, '22222222-2222-2222-2222-222222222222', '2026-04-13 21:55:00', 2, NULL),
(9313, '22222222-2222-2222-2222-222222222222', '2026-04-14 22:09:00', 5, NULL),
(9314, '22222222-2222-2222-2222-222222222222', '2026-04-15 22:01:00', 9, NULL),
(9315, '22222222-2222-2222-2222-222222222222', '2026-04-16 20:29:00', 5, NULL),
(9316, '22222222-2222-2222-2222-222222222222', '2026-04-17 20:28:00', 7, NULL),
(9317, '22222222-2222-2222-2222-222222222222', '2026-04-18 21:51:00', 8, NULL),
(9318, '22222222-2222-2222-2222-222222222222', '2026-04-19 19:28:00', 9, NULL),
(9319, '22222222-2222-2222-2222-222222222222', '2026-04-20 21:37:00', 2, NULL),
(9320, '22222222-2222-2222-2222-222222222222', '2026-04-21 20:17:00', 4, NULL),
(9321, '22222222-2222-2222-2222-222222222222', '2026-04-22 20:07:00', 3, NULL),
(9322, '22222222-2222-2222-2222-222222222222', '2026-04-23 21:37:00', 4, NULL),
(9323, '22222222-2222-2222-2222-222222222222', '2026-04-24 19:24:00', 6, NULL),
(9324, '22222222-2222-2222-2222-222222222222', '2026-04-25 21:26:00', 5, NULL),
(9325, '22222222-2222-2222-2222-222222222222', '2026-04-26 22:46:00', 4, NULL),
(9326, '22222222-2222-2222-2222-222222222222', '2026-04-27 21:05:00', 7, NULL),
(9327, '22222222-2222-2222-2222-222222222222', '2026-04-28 22:15:00', 6, NULL),
(9328, '22222222-2222-2222-2222-222222222222', '2026-04-29 20:09:00', 6, NULL),
(9329, '22222222-2222-2222-2222-222222222222', '2026-04-30 19:18:00', 5, NULL),
(9330, '22222222-2222-2222-2222-222222222222', '2026-05-01 21:48:00', 8, NULL),
(9331, '22222222-2222-2222-2222-222222222222', '2026-05-02 20:35:00', 5, NULL),
(9332, '22222222-2222-2222-2222-222222222222', '2026-05-03 22:22:00', 6, NULL),
(9333, '22222222-2222-2222-2222-222222222222', '2026-05-04 19:48:00', 5, NULL),
(9334, '22222222-2222-2222-2222-222222222222', '2026-05-05 20:18:00', 6, NULL),
(9335, '22222222-2222-2222-2222-222222222222', '2026-05-06 21:34:00', 7, NULL),
(9336, '22222222-2222-2222-2222-222222222222', '2026-05-07 21:23:00', 7, NULL),
(9337, '22222222-2222-2222-2222-222222222222', '2026-05-08 19:09:00', 8, NULL),
(9338, '22222222-2222-2222-2222-222222222222', '2026-05-09 22:17:00', 3, NULL),
(9339, '22222222-2222-2222-2222-222222222222', '2026-05-10 22:08:00', 6, NULL),
(9340, '22222222-2222-2222-2222-222222222222', '2026-05-11 22:11:00', 7, NULL),
(9341, '22222222-2222-2222-2222-222222222222', '2026-05-12 21:52:00', 5, NULL),
(9342, '22222222-2222-2222-2222-222222222222', '2026-05-13 20:49:00', 9, NULL),
(9343, '22222222-2222-2222-2222-222222222222', '2026-05-14 22:11:00', 8, NULL),
(9344, '22222222-2222-2222-2222-222222222222', '2026-05-15 20:11:00', 8, NULL),
(9345, '22222222-2222-2222-2222-222222222222', '2026-05-16 19:59:00', 6, NULL),
(9346, '22222222-2222-2222-2222-222222222222', '2026-05-17 20:43:00', 9, NULL),
(9347, '22222222-2222-2222-2222-222222222222', '2026-05-18 22:12:00', 6, NULL),
(9348, '22222222-2222-2222-2222-222222222222', '2026-05-19 19:23:00', 7, NULL),
(9349, '22222222-2222-2222-2222-222222222222', '2026-05-20 21:46:00', 6, NULL),
(9350, '22222222-2222-2222-2222-222222222222', '2026-05-21 20:30:00', 9, NULL),
(9351, '22222222-2222-2222-2222-222222222222', '2026-05-22 20:22:00', 8, NULL),
(9352, '22222222-2222-2222-2222-222222222222', '2026-05-23 22:33:00', 3, NULL),
(9353, '22222222-2222-2222-2222-222222222222', '2026-05-24 22:05:00', 4, NULL),
(9354, '22222222-2222-2222-2222-222222222222', '2026-05-25 22:04:00', 5, NULL),
(9355, '22222222-2222-2222-2222-222222222222', '2026-05-26 21:16:00', 2, NULL),
(9356, '22222222-2222-2222-2222-222222222222', '2026-05-27 22:36:00', 8, NULL),
(9357, '22222222-2222-2222-2222-222222222222', '2026-05-28 20:14:00', 5, NULL),
(9358, '22222222-2222-2222-2222-222222222222', '2026-05-29 19:42:00', 8, NULL),
(9359, '22222222-2222-2222-2222-222222222222', '2026-05-30 20:33:00', 5, NULL),
(9360, '22222222-2222-2222-2222-222222222222', '2026-05-31 21:27:00', 9, NULL),
(9361, '22222222-2222-2222-2222-222222222222', '2026-06-01 20:26:00', 9, NULL),
(9362, '22222222-2222-2222-2222-222222222222', '2026-06-02 21:50:00', 7, NULL),
(9363, '22222222-2222-2222-2222-222222222222', '2026-06-03 19:38:00', 3, NULL),
(9364, '22222222-2222-2222-2222-222222222222', '2026-06-04 20:32:00', 6, NULL),
(9365, '22222222-2222-2222-2222-222222222222', '2026-06-05 20:15:00', 5, NULL),
(9366, '22222222-2222-2222-2222-222222222222', '2026-06-06 19:47:00', 6, NULL),
(9367, '22222222-2222-2222-2222-222222222222', '2026-06-07 19:46:00', 9, NULL),
(9368, '22222222-2222-2222-2222-222222222222', '2026-06-08 20:23:00', 6, NULL),
(9369, '22222222-2222-2222-2222-222222222222', '2026-06-09 19:38:00', 9, NULL),
(9370, '22222222-2222-2222-2222-222222222222', '2026-06-10 19:31:00', 9, NULL),
(9371, '22222222-2222-2222-2222-222222222222', '2026-06-11 20:49:00', 8, NULL),
(9372, '22222222-2222-2222-2222-222222222222', '2026-06-12 20:45:00', 6, NULL),
(9373, '22222222-2222-2222-2222-222222222222', '2026-06-13 21:43:00', 8, NULL),
(9374, '22222222-2222-2222-2222-222222222222', '2026-06-14 20:34:00', 8, NULL),
(9375, '22222222-2222-2222-2222-222222222222', '2026-06-15 20:09:00', 4, NULL),
(9376, '22222222-2222-2222-2222-222222222222', '2026-06-16 21:15:00', 6, NULL),
(9377, '22222222-2222-2222-2222-222222222222', '2026-06-17 19:25:00', 7, NULL),
(9378, '22222222-2222-2222-2222-222222222222', '2026-06-18 22:29:00', 6, NULL),
(9379, '22222222-2222-2222-2222-222222222222', '2026-06-19 19:14:00', 9, NULL),
(9380, '22222222-2222-2222-2222-222222222222', '2026-06-20 19:04:00', 8, NULL),
(9381, '22222222-2222-2222-2222-222222222222', '2026-06-21 22:40:00', 4, NULL),
(9382, '22222222-2222-2222-2222-222222222222', '2026-06-22 22:56:00', 4, NULL),
(9383, '22222222-2222-2222-2222-222222222222', '2026-06-23 20:58:00', 4, NULL),
(9384, '22222222-2222-2222-2222-222222222222', '2026-06-24 21:51:00', 6, NULL),
(9385, '22222222-2222-2222-2222-222222222222', '2026-06-25 20:14:00', 7, NULL),
(9386, '22222222-2222-2222-2222-222222222222', '2026-06-26 22:27:00', 6, NULL),
(9387, '22222222-2222-2222-2222-222222222222', '2026-06-27 22:10:00', 9, NULL),
(9388, '22222222-2222-2222-2222-222222222222', '2026-06-28 19:20:00', 8, NULL),
(9389, '22222222-2222-2222-2222-222222222222', '2026-06-29 22:18:00', 4, NULL),
(9390, '22222222-2222-2222-2222-222222222222', '2026-06-30 21:04:00', 3, NULL),
(9391, '22222222-2222-2222-2222-222222222222', '2026-07-04 21:43:00', 8, NULL),
(9392, '22222222-2222-2222-2222-222222222222', '2026-07-05 21:34:00', 7, NULL),
(9393, '22222222-2222-2222-2222-222222222222', '2026-07-06 22:50:00', 7, NULL);

INSERT INTO daily_wellness_summary (id, user_id, summary_date, total_water_ml, total_calories_intake, total_calories_burned, total_exercise_minutes, total_distance_km, sleep_minutes, sleep_quality_score, mood_score, weight_kg) VALUES
(11100, '11111111-1111-1111-1111-111111111111', '2026-04-01', 1655, 0, 281, 26, 3.56, 416, 7, 9, 57.24),
(11101, '11111111-1111-1111-1111-111111111111', '2026-04-02', 1531, 0, 80, 27, 0.00, 502, 4, 9, 57.59),
(11102, '11111111-1111-1111-1111-111111111111', '2026-04-03', 1499, 0, 242, 33, 5.47, 470, 8, 3, 57.80),
(11103, '11111111-1111-1111-1111-111111111111', '2026-04-04', 1543, 0, 0, 0, 0.00, 508, 4, 4, 57.97),
(11104, '11111111-1111-1111-1111-111111111111', '2026-04-05', 1860, 0, 0, 0, 0.00, 454, 8, 7, 58.17),
(11105, '11111111-1111-1111-1111-111111111111', '2026-04-06', 1927, 0, 0, 0, 0.00, 390, 4, 6, 58.30),
(11106, '11111111-1111-1111-1111-111111111111', '2026-04-07', 1497, 0, 330, 63, 3.20, 449, 5, 8, 58.29),
(11107, '11111111-1111-1111-1111-111111111111', '2026-04-08', 1467, 0, 0, 0, 0.00, 517, 6, 8, 58.41),
(11108, '11111111-1111-1111-1111-111111111111', '2026-04-09', 2162, 0, 0, 0, 0.00, 532, 9, 7, 58.63),
(11109, '11111111-1111-1111-1111-111111111111', '2026-04-10', 1837, 0, 382, 73, 4.12, 451, 9, 9, 58.63),
(11110, '11111111-1111-1111-1111-111111111111', '2026-04-11', 1815, 0, 0, 0, 0.00, 494, 6, 6, 58.73),
(11111, '11111111-1111-1111-1111-111111111111', '2026-04-12', 2030, 0, 0, 0, 0.00, 487, 8, 2, 58.98),
(11112, '11111111-1111-1111-1111-111111111111', '2026-04-13', 1677, 0, 0, 0, 0.00, 481, 7, 4, 58.91),
(11113, '11111111-1111-1111-1111-111111111111', '2026-04-14', 2050, 0, 0, 0, 0.00, 512, 8, 9, 59.03),
(11114, '11111111-1111-1111-1111-111111111111', '2026-04-15', 2083, 0, 143, 39, 2.14, 466, 4, 5, 59.00),
(11115, '11111111-1111-1111-1111-111111111111', '2026-04-16', 1574, 0, 0, 0, 0.00, 497, 7, 5, 58.97),
(11116, '11111111-1111-1111-1111-111111111111', '2026-04-17', 1905, 0, 0, 0, 0.00, 416, 5, 9, 58.95),
(11117, '11111111-1111-1111-1111-111111111111', '2026-04-18', 1786, 0, 244, 37, 5.80, 505, 9, 7, 59.03),
(11118, '11111111-1111-1111-1111-111111111111', '2026-04-19', 1485, 0, 0, 0, 0.00, 431, 8, 6, 58.85),
(11119, '11111111-1111-1111-1111-111111111111', '2026-04-20', 2024, 0, 225, 40, 4.65, 466, 9, 8, 58.72),
(11120, '11111111-1111-1111-1111-111111111111', '2026-04-21', 2181, 0, 0, 0, 0.00, 513, 8, 8, 58.76),
(11121, '11111111-1111-1111-1111-111111111111', '2026-04-22', 1505, 0, 0, 0, 0.00, 467, 8, 8, 58.64),
(11122, '11111111-1111-1111-1111-111111111111', '2026-04-23', 1699, 0, 0, 0, 0.00, 465, 8, 4, 58.46),
(11123, '11111111-1111-1111-1111-111111111111', '2026-04-24', 1988, 0, 0, 0, 0.00, 429, 9, 6, 58.23),
(11124, '11111111-1111-1111-1111-111111111111', '2026-04-25', 1828, 0, 239, 38, 1.14, 540, 5, 3, 58.22),
(11125, '11111111-1111-1111-1111-111111111111', '2026-04-26', 1813, 0, 177, 37, 4.01, 446, 5, 5, 57.94),
(11126, '11111111-1111-1111-1111-111111111111', '2026-04-27', 1521, 0, 0, 0, 0.00, 440, 9, 3, 57.80),
(11127, '11111111-1111-1111-1111-111111111111', '2026-04-28', 1557, 0, 121, 21, 3.57, 504, 9, 6, 57.60),
(11128, '11111111-1111-1111-1111-111111111111', '2026-04-29', 1900, 0, 305, 79, 3.69, 530, 4, 9, 57.43),
(11129, '11111111-1111-1111-1111-111111111111', '2026-04-30', 2098, 0, 293, 37, 5.09, 406, 8, 4, 57.13),
(11130, '11111111-1111-1111-1111-111111111111', '2026-05-01', 1846, 0, 0, 0, 0.00, 476, 6, 4, 56.93),
(11131, '11111111-1111-1111-1111-111111111111', '2026-05-02', 1923, 0, 0, 0, 0.00, 472, 4, 9, 56.73),
(11132, '11111111-1111-1111-1111-111111111111', '2026-05-03', 1437, 0, 0, 0, 0.00, 485, 5, 4, 56.37),
(11133, '11111111-1111-1111-1111-111111111111', '2026-05-04', 1536, 0, 215, 33, 1.94, 445, 7, 4, 56.10),
(11134, '11111111-1111-1111-1111-111111111111', '2026-05-05', 1745, 0, 0, 0, 0.00, 401, 8, 8, 55.83),
(11135, '11111111-1111-1111-1111-111111111111', '2026-05-06', 1855, 0, 0, 0, 0.00, 505, 7, 8, 55.59),
(11136, '11111111-1111-1111-1111-111111111111', '2026-05-07', 1455, 0, 200, 41, 4.88, 450, 8, 5, 55.42),
(11137, '11111111-1111-1111-1111-111111111111', '2026-05-08', 1998, 0, 0, 0, 0.00, 468, 9, 7, 55.00),
(11138, '11111111-1111-1111-1111-111111111111', '2026-05-09', 1633, 0, 0, 0, 0.00, 415, 6, 5, 54.78),
(11139, '11111111-1111-1111-1111-111111111111', '2026-05-10', 1707, 0, 90, 37, 0.00, 513, 7, 2, 54.42),
(11140, '11111111-1111-1111-1111-111111111111', '2026-05-11', 1509, 0, 0, 0, 0.00, 418, 5, 9, 54.34),
(11141, '11111111-1111-1111-1111-111111111111', '2026-05-12', 1733, 0, 0, 0, 0.00, 533, 8, 6, 53.91),
(11142, '11111111-1111-1111-1111-111111111111', '2026-05-13', 1523, 0, 339, 72, 3.63, 400, 9, 6, 53.78),
(11143, '11111111-1111-1111-1111-111111111111', '2026-05-14', 2135, 0, 0, 0, 0.00, 454, 5, 7, 53.53),
(11144, '11111111-1111-1111-1111-111111111111', '2026-05-15', 1882, 0, 0, 0, 0.00, 449, 8, 5, 53.12),
(11145, '11111111-1111-1111-1111-111111111111', '2026-05-16', 1430, 0, 144, 27, 2.54, 516, 9, 3, 52.92),
(11146, '11111111-1111-1111-1111-111111111111', '2026-05-17', 2163, 0, 0, 0, 0.00, 416, 7, 3, 52.81),
(11147, '11111111-1111-1111-1111-111111111111', '2026-05-18', 1890, 0, 264, 73, 3.38, 509, 8, 9, 52.42),
(11148, '11111111-1111-1111-1111-111111111111', '2026-05-19', 1560, 0, 0, 0, 0.00, 400, 7, 2, 52.20),
(11149, '11111111-1111-1111-1111-111111111111', '2026-05-20', 1981, 0, 0, 0, 0.00, 481, 6, 6, 52.10),
(11150, '11111111-1111-1111-1111-111111111111', '2026-05-21', 1960, 0, 0, 0, 0.00, 504, 5, 4, 51.83),
(11151, '11111111-1111-1111-1111-111111111111', '2026-05-22', 2115, 0, 0, 0, 0.00, 422, 9, 6, 51.74),
(11152, '11111111-1111-1111-1111-111111111111', '2026-05-23', 1452, 0, 232, 36, 5.74, 486, 8, 6, 51.71),
(11153, '11111111-1111-1111-1111-111111111111', '2026-05-24', 1555, 0, 0, 0, 0.00, 391, 6, 4, 51.44),
(11154, '11111111-1111-1111-1111-111111111111', '2026-05-25', 1543, 0, 98, 22, 0.00, 421, 4, 5, 51.39),
(11155, '11111111-1111-1111-1111-111111111111', '2026-05-26', 1936, 0, 0, 0, 0.00, 493, 9, 9, 51.31),
(11156, '11111111-1111-1111-1111-111111111111', '2026-05-27', 2005, 0, 0, 0, 0.00, 419, 7, 7, 51.26),
(11157, '11111111-1111-1111-1111-111111111111', '2026-05-28', 2106, 0, 0, 0, 0.00, 471, 5, 5, 51.19),
(11158, '11111111-1111-1111-1111-111111111111', '2026-05-29', 1711, 0, 116, 39, 3.25, 413, 7, 9, 50.98),
(11159, '11111111-1111-1111-1111-111111111111', '2026-05-30', 1679, 0, 126, 20, 0.00, 516, 8, 9, 51.10),
(11160, '11111111-1111-1111-1111-111111111111', '2026-05-31', 1593, 0, 0, 0, 0.00, 394, 6, 3, 51.09),
(11161, '11111111-1111-1111-1111-111111111111', '2026-06-01', 1694, 0, 0, 0, 0.00, 439, 7, 9, 50.93),
(11162, '11111111-1111-1111-1111-111111111111', '2026-06-02', 1608, 0, 0, 0, 0.00, 416, 9, 5, 50.93),
(11163, '11111111-1111-1111-1111-111111111111', '2026-06-03', 2191, 0, 0, 0, 0.00, 524, 8, 9, 51.04),
(11164, '11111111-1111-1111-1111-111111111111', '2026-06-04', 1831, 0, 237, 48, 3.94, 396, 8, 2, 51.22),
(11165, '11111111-1111-1111-1111-111111111111', '2026-06-05', 2056, 0, 0, 0, 0.00, 415, 4, 8, 51.20),
(11166, '11111111-1111-1111-1111-111111111111', '2026-06-06', 2126, 0, 214, 39, 1.55, 414, 7, 4, 51.37),
(11167, '11111111-1111-1111-1111-111111111111', '2026-06-07', 2030, 0, 0, 0, 0.00, 484, 4, 6, 51.53),
(11168, '11111111-1111-1111-1111-111111111111', '2026-06-08', 2191, 0, 0, 0, 0.00, 426, 5, 6, 51.63),
(11169, '11111111-1111-1111-1111-111111111111', '2026-06-09', 1981, 0, 0, 0, 0.00, 485, 9, 4, 51.64),
(11170, '11111111-1111-1111-1111-111111111111', '2026-06-10', 2142, 0, 261, 22, 1.26, 496, 9, 6, 51.89),
(11171, '11111111-1111-1111-1111-111111111111', '2026-06-11', 1949, 0, 0, 0, 0.00, 452, 6, 9, 52.11),
(11172, '11111111-1111-1111-1111-111111111111', '2026-06-12', 1866, 0, 0, 0, 0.00, 421, 7, 5, 52.13),
(11173, '11111111-1111-1111-1111-111111111111', '2026-06-13', 1915, 0, 133, 21, 3.28, 517, 7, 9, 52.52),
(11174, '11111111-1111-1111-1111-111111111111', '2026-06-14', 1653, 0, 0, 0, 0.00, 418, 4, 6, 52.63),
(11175, '11111111-1111-1111-1111-111111111111', '2026-06-15', 1999, 0, 240, 32, 5.53, 467, 8, 7, 52.83),
(11176, '11111111-1111-1111-1111-111111111111', '2026-06-16', 1977, 0, 0, 0, 0.00, 454, 9, 4, 53.16),
(11177, '11111111-1111-1111-1111-111111111111', '2026-06-17', 1953, 0, 0, 0, 0.00, 527, 4, 7, 53.30),
(11178, '11111111-1111-1111-1111-111111111111', '2026-06-18', 2150, 0, 295, 44, 16.45, 467, 5, 5, 53.67),
(11179, '11111111-1111-1111-1111-111111111111', '2026-06-19', 1756, 0, 0, 0, 0.00, 463, 4, 6, 53.89),
(11180, '11111111-1111-1111-1111-111111111111', '2026-06-20', 1474, 0, 0, 0, 0.00, 508, 5, 5, 54.20),
(11181, '11111111-1111-1111-1111-111111111111', '2026-06-21', 1890, 0, 227, 25, 4.43, 424, 7, 8, 54.30),
(11182, '11111111-1111-1111-1111-111111111111', '2026-06-22', 1490, 0, 0, 0, 0.00, 529, 4, 6, 54.69),
(11183, '11111111-1111-1111-1111-111111111111', '2026-06-23', 1968, 0, 284, 36, 10.45, 400, 5, 4, 55.04),
(11184, '11111111-1111-1111-1111-111111111111', '2026-06-24', 1540, 0, 0, 0, 0.00, 501, 7, 9, 55.21),
(11185, '11111111-1111-1111-1111-111111111111', '2026-06-25', 2013, 0, 0, 0, 0.00, 468, 4, 4, 55.56),
(11186, '11111111-1111-1111-1111-111111111111', '2026-06-26', 1530, 0, 0, 0, 0.00, 514, 6, 4, 55.69),
(11187, '11111111-1111-1111-1111-111111111111', '2026-06-27', 1507, 0, 0, 0, 0.00, 412, 8, 7, 56.11),
(11188, '11111111-1111-1111-1111-111111111111', '2026-06-28', 1830, 0, 112, 40, 3.14, 410, 4, 6, 56.24),
(11189, '11111111-1111-1111-1111-111111111111', '2026-06-29', 1983, 0, 0, 0, 0.00, 410, 5, 7, 56.56),
(11190, '11111111-1111-1111-1111-111111111111', '2026-06-30', 1729, 0, 274, 28, 5.82, 468, 8, 5, 56.85),
(11191, '11111111-1111-1111-1111-111111111111', '2026-07-04', 1488, 0, 383, 53, 5.41, 477, 4, 9, 57.74),
(11192, '11111111-1111-1111-1111-111111111111', '2026-07-05', 2092, 0, 0, 0, 0.00, 407, 9, 6, 57.85),
(11193, '11111111-1111-1111-1111-111111111111', '2026-07-06', 1824, 0, 324, 46, 3.61, 520, 5, 4, 58.17),
(11300, '22222222-2222-2222-2222-222222222222', '2026-04-01', 2732, 0, 0, 0, 0.00, 399, 4, 9, 79.00),
(11301, '22222222-2222-2222-2222-222222222222', '2026-04-02', 2609, 0, 314, 49, 21.65, 395, 6, 8, 78.68),
(11302, '22222222-2222-2222-2222-222222222222', '2026-04-03', 2605, 0, 154, 35, 0.00, 361, 4, 8, 78.50),
(11303, '22222222-2222-2222-2222-222222222222', '2026-04-04', 2964, 0, 302, 49, 15.68, 395, 6, 8, 78.17),
(11304, '22222222-2222-2222-2222-222222222222', '2026-04-05', 2188, 0, 274, 44, 1.68, 528, 7, 7, 78.00),
(11305, '22222222-2222-2222-2222-222222222222', '2026-04-06', 2196, 0, 273, 37, 2.00, 442, 4, 7, 77.67),
(11306, '22222222-2222-2222-2222-222222222222', '2026-04-07', 2272, 0, 425, 37, 5.76, 432, 6, 8, 77.29),
(11307, '22222222-2222-2222-2222-222222222222', '2026-04-08', 2341, 0, 162, 37, 3.83, 524, 6, 5, 77.24),
(11308, '22222222-2222-2222-2222-222222222222', '2026-04-09', 2980, 0, 0, 0, 0.00, 518, 6, 6, 77.06),
(11309, '22222222-2222-2222-2222-222222222222', '2026-04-10', 2496, 0, 173, 44, 5.03, 442, 9, 4, 76.69),
(11310, '22222222-2222-2222-2222-222222222222', '2026-04-11', 2507, 0, 0, 0, 0.00, 457, 9, 7, 76.53),
(11311, '22222222-2222-2222-2222-222222222222', '2026-04-12', 2686, 0, 295, 41, 2.24, 517, 5, 9, 76.52),
(11312, '22222222-2222-2222-2222-222222222222', '2026-04-13', 2877, 0, 105, 32, 0.00, 478, 5, 2, 76.31),
(11313, '22222222-2222-2222-2222-222222222222', '2026-04-14', 2873, 0, 0, 0, 0.00, 366, 4, 5, 76.25),
(11314, '22222222-2222-2222-2222-222222222222', '2026-04-15', 2895, 0, 0, 0, 0.00, 365, 6, 9, 76.03),
(11315, '22222222-2222-2222-2222-222222222222', '2026-04-16', 2550, 0, 350, 42, 2.37, 502, 7, 5, 76.09),
(11316, '22222222-2222-2222-2222-222222222222', '2026-04-17', 2184, 0, 101, 23, 0.00, 372, 5, 7, 76.12),
(11317, '22222222-2222-2222-2222-222222222222', '2026-04-18', 2079, 0, 263, 30, 2.49, 375, 8, 8, 76.02),
(11318, '22222222-2222-2222-2222-222222222222', '2026-04-19', 2108, 0, 0, 0, 0.00, 503, 4, 9, 75.98),
(11319, '22222222-2222-2222-2222-222222222222', '2026-04-20', 2563, 0, 214, 27, 3.92, 534, 4, 2, 76.00),
(11320, '22222222-2222-2222-2222-222222222222', '2026-04-21', 2712, 0, 376, 78, 7.96, 370, 7, 4, 76.08),
(11321, '22222222-2222-2222-2222-222222222222', '2026-04-22', 2501, 0, 450, 49, 5.74, 458, 7, 3, 76.21),
(11322, '22222222-2222-2222-2222-222222222222', '2026-04-23', 2822, 0, 213, 41, 5.28, 498, 6, 4, 76.21),
(11323, '22222222-2222-2222-2222-222222222222', '2026-04-24', 2438, 0, 0, 0, 0.00, 529, 6, 6, 76.33),
(11324, '22222222-2222-2222-2222-222222222222', '2026-04-25', 2468, 0, 0, 0, 0.00, 457, 5, 5, 76.53),
(11325, '22222222-2222-2222-2222-222222222222', '2026-04-26', 2216, 0, 327, 36, 5.21, 489, 9, 4, 76.72),
(11326, '22222222-2222-2222-2222-222222222222', '2026-04-27', 2484, 0, 380, 46, 7.10, 414, 9, 7, 76.69),
(11327, '22222222-2222-2222-2222-222222222222', '2026-04-28', 2723, 0, 344, 42, 20.58, 365, 5, 6, 77.02),
(11328, '22222222-2222-2222-2222-222222222222', '2026-04-29', 2312, 0, 0, 0, 0.00, 421, 9, 6, 77.28),
(11329, '22222222-2222-2222-2222-222222222222', '2026-04-30', 2601, 0, 0, 0, 0.00, 461, 8, 5, 77.29),
(11330, '22222222-2222-2222-2222-222222222222', '2026-05-01', 2249, 0, 277, 33, 1.63, 398, 9, 8, 77.62),
(11331, '22222222-2222-2222-2222-222222222222', '2026-05-02', 2570, 0, 407, 46, 7.94, 363, 8, 5, 77.92),
(11332, '22222222-2222-2222-2222-222222222222', '2026-05-03', 2223, 0, 357, 90, 7.38, 420, 9, 6, 78.17),
(11333, '22222222-2222-2222-2222-222222222222', '2026-05-04', 2820, 0, 201, 34, 3.14, 464, 4, 5, 78.49),
(11334, '22222222-2222-2222-2222-222222222222', '2026-05-05', 2814, 0, 492, 93, 4.00, 490, 6, 6, 78.62),
(11335, '22222222-2222-2222-2222-222222222222', '2026-05-06', 2061, 0, 242, 41, 4.26, 520, 5, 7, 79.04),
(11336, '22222222-2222-2222-2222-222222222222', '2026-05-07', 2601, 0, 362, 53, 17.87, 476, 8, 7, 79.20),
(11337, '22222222-2222-2222-2222-222222222222', '2026-05-08', 2948, 0, 0, 0, 0.00, 463, 6, 8, 79.45),
(11338, '22222222-2222-2222-2222-222222222222', '2026-05-09', 2257, 0, 0, 0, 0.00, 529, 9, 3, 79.86),
(11339, '22222222-2222-2222-2222-222222222222', '2026-05-10', 2509, 0, 252, 44, 2.05, 425, 5, 6, 80.16),
(11340, '22222222-2222-2222-2222-222222222222', '2026-05-11', 2971, 0, 421, 47, 4.39, 469, 7, 7, 80.51),
(11341, '22222222-2222-2222-2222-222222222222', '2026-05-12', 2164, 0, 0, 0, 0.00, 491, 6, 5, 80.82),
(11342, '22222222-2222-2222-2222-222222222222', '2026-05-13', 2609, 0, 0, 0, 0.00, 515, 5, 9, 81.14),
(11343, '22222222-2222-2222-2222-222222222222', '2026-05-14', 2749, 0, 249, 35, 5.00, 512, 6, 8, 81.42),
(11344, '22222222-2222-2222-2222-222222222222', '2026-05-15', 2448, 0, 102, 23, 0.00, 478, 9, 8, 81.64),
(11345, '22222222-2222-2222-2222-222222222222', '2026-05-16', 2557, 0, 0, 0, 0.00, 383, 7, 6, 81.83),
(11346, '22222222-2222-2222-2222-222222222222', '2026-05-17', 2835, 0, 308, 42, 1.95, 522, 5, 9, 82.09),
(11347, '22222222-2222-2222-2222-222222222222', '2026-05-18', 2980, 0, 0, 0, 0.00, 498, 4, 6, 82.44),
(11348, '22222222-2222-2222-2222-222222222222', '2026-05-19', 2625, 0, 388, 45, 4.09, 496, 4, 7, 82.48),
(11349, '22222222-2222-2222-2222-222222222222', '2026-05-20', 2880, 0, 175, 30, 5.45, 376, 7, 6, 82.70),
(11350, '22222222-2222-2222-2222-222222222222', '2026-05-21', 2252, 0, 242, 28, 5.95, 533, 6, 9, 83.02),
(11351, '22222222-2222-2222-2222-222222222222', '2026-05-22', 2946, 0, 437, 49, 6.70, 525, 8, 8, 83.24),
(11352, '22222222-2222-2222-2222-222222222222', '2026-05-23', 2253, 0, 0, 0, 0.00, 418, 6, 3, 83.27),
(11353, '22222222-2222-2222-2222-222222222222', '2026-05-24', 2876, 0, 137, 27, 0.00, 401, 5, 4, 83.55),
(11354, '22222222-2222-2222-2222-222222222222', '2026-05-25', 2076, 0, 148, 36, 0.00, 458, 6, 5, 83.73),
(11355, '22222222-2222-2222-2222-222222222222', '2026-05-26', 2561, 0, 103, 26, 0.00, 421, 8, 2, 83.89),
(11356, '22222222-2222-2222-2222-222222222222', '2026-05-27', 2719, 0, 0, 0, 0.00, 485, 4, 8, 83.94),
(11357, '22222222-2222-2222-2222-222222222222', '2026-05-28', 2154, 0, 0, 0, 0.00, 476, 7, 5, 84.00),
(11358, '22222222-2222-2222-2222-222222222222', '2026-05-29', 2343, 0, 0, 0, 0.00, 484, 6, 8, 84.03),
(11359, '22222222-2222-2222-2222-222222222222', '2026-05-30', 2658, 0, 186, 43, 5.57, 506, 7, 5, 83.98),
(11360, '22222222-2222-2222-2222-222222222222', '2026-05-31', 2506, 0, 389, 98, 8.09, 402, 9, 9, 83.89),
(11361, '22222222-2222-2222-2222-222222222222', '2026-06-01', 2745, 0, 0, 0, 0.00, 494, 8, 9, 83.96),
(11362, '22222222-2222-2222-2222-222222222222', '2026-06-02', 2016, 0, 376, 32, 4.47, 484, 5, 7, 83.85),
(11363, '22222222-2222-2222-2222-222222222222', '2026-06-03', 2617, 0, 0, 0, 0.00, 387, 7, 3, 83.82),
(11364, '22222222-2222-2222-2222-222222222222', '2026-06-04', 2458, 0, 0, 0, 0.00, 527, 7, 6, 83.80),
(11365, '22222222-2222-2222-2222-222222222222', '2026-06-05', 2622, 0, 102, 33, 0.00, 409, 4, 5, 83.66),
(11366, '22222222-2222-2222-2222-222222222222', '2026-06-06', 2935, 0, 344, 55, 22.09, 534, 5, 6, 83.43),
(11367, '22222222-2222-2222-2222-222222222222', '2026-06-07', 2521, 0, 182, 31, 4.77, 537, 5, 9, 83.42),
(11368, '22222222-2222-2222-2222-222222222222', '2026-06-08', 2539, 0, 501, 65, 9.95, 380, 9, 6, 83.27),
(11369, '22222222-2222-2222-2222-222222222222', '2026-06-09', 2673, 0, 126, 33, 0.00, 371, 8, 9, 83.13),
(11370, '22222222-2222-2222-2222-222222222222', '2026-06-10', 2273, 0, 0, 0, 0.00, 492, 6, 9, 82.87),
(11371, '22222222-2222-2222-2222-222222222222', '2026-06-11', 2958, 0, 0, 0, 0.00, 431, 8, 8, 82.57),
(11372, '22222222-2222-2222-2222-222222222222', '2026-06-12', 2146, 0, 0, 0, 0.00, 512, 4, 6, 82.41),
(11373, '22222222-2222-2222-2222-222222222222', '2026-06-13', 2434, 0, 428, 43, 5.89, 367, 8, 8, 82.20),
(11374, '22222222-2222-2222-2222-222222222222', '2026-06-14', 2070, 0, 219, 43, 5.10, 487, 6, 8, 81.90),
(11375, '22222222-2222-2222-2222-222222222222', '2026-06-15', 2993, 0, 151, 30, 0.00, 400, 4, 4, 81.55),
(11376, '22222222-2222-2222-2222-222222222222', '2026-06-16', 2169, 0, 156, 44, 4.75, 495, 9, 6, 81.27),
(11377, '22222222-2222-2222-2222-222222222222', '2026-06-17', 2602, 0, 0, 0, 0.00, 511, 8, 7, 81.15),
(11378, '22222222-2222-2222-2222-222222222222', '2026-06-18', 2174, 0, 316, 32, 2.26, 387, 8, 6, 80.66),
(11379, '22222222-2222-2222-2222-222222222222', '2026-06-19', 2233, 0, 316, 38, 16.17, 376, 4, 9, 80.49),
(11380, '22222222-2222-2222-2222-222222222222', '2026-06-20', 2379, 0, 0, 0, 0.00, 386, 8, 8, 80.09),
(11381, '22222222-2222-2222-2222-222222222222', '2026-06-21', 2801, 0, 0, 0, 0.00, 500, 7, 4, 79.93),
(11382, '22222222-2222-2222-2222-222222222222', '2026-06-22', 2610, 0, 467, 61, 4.52, 495, 6, 4, 79.66),
(11383, '22222222-2222-2222-2222-222222222222', '2026-06-23', 2093, 0, 175, 44, 5.77, 507, 5, 4, 79.16),
(11384, '22222222-2222-2222-2222-222222222222', '2026-06-24', 2132, 0, 419, 69, 7.15, 370, 8, 6, 78.87),
(11385, '22222222-2222-2222-2222-222222222222', '2026-06-25', 2757, 0, 0, 0, 0.00, 424, 8, 7, 78.68),
(11386, '22222222-2222-2222-2222-222222222222', '2026-06-26', 2027, 0, 0, 0, 0.00, 397, 4, 6, 78.51),
(11387, '22222222-2222-2222-2222-222222222222', '2026-06-27', 2512, 0, 0, 0, 0.00, 424, 4, 9, 78.26),
(11388, '22222222-2222-2222-2222-222222222222', '2026-06-28', 2840, 0, 148, 21, 0.00, 460, 9, 8, 77.96),
(11389, '22222222-2222-2222-2222-222222222222', '2026-06-29', 2844, 0, 141, 24, 0.00, 428, 8, 4, 77.72),
(11390, '22222222-2222-2222-2222-222222222222', '2026-06-30', 2638, 0, 423, 76, 9.83, 462, 9, 3, 77.40),
(11391, '22222222-2222-2222-2222-222222222222', '2026-07-04', 2843, 0, 256, 35, 1.92, 404, 6, 8, 76.65),
(11392, '22222222-2222-2222-2222-222222222222', '2026-07-05', 2699, 0, 333, 43, 1.89, 518, 7, 7, 76.39),
(11393, '22222222-2222-2222-2222-222222222222', '2026-07-06', 2654, 0, 338, 31, 6.54, 469, 8, 7, 76.24);

-- -----------------------------------------------------
-- Section: backfilled summary rows for existing 07-01/07-03 raw logs
-- Notes: these dates already have hand-seeded sleep/hydration/exercise/mood rows
-- above but were missing their daily_wellness_summary aggregate; computed directly
-- from those rows (NULL where no log exists that day for that metric).
-- -----------------------------------------------------
INSERT INTO daily_wellness_summary (
	id, user_id, summary_date, total_water_ml, total_calories_intake, total_calories_burned,
	total_exercise_minutes, total_distance_km, sleep_minutes, sleep_quality_score, mood_score, weight_kg
) VALUES
(11500, '11111111-1111-1111-1111-111111111111', '2026-07-01', 0, 0, 0, 0, 0.00, NULL, NULL, NULL, NULL),
(11501, '11111111-1111-1111-1111-111111111111', '2026-07-03', 0, 0, 120, 25, 0.00, 440, 9, 5, NULL),
(11502, '22222222-2222-2222-2222-222222222222', '2026-07-01', 0, 0, 0, 0, 0.00, 345, 6, NULL, NULL),
(11503, '22222222-2222-2222-2222-222222222222', '2026-07-03', 450, 0, 180, 30, 9.50, 420, 7, 6, NULL);
